,Does your employer provide mental health benefits as part of healthcare coverage?,Do you know the options for mental health care available under your employer-provided coverage?,"If a mental health issue prompted you to request a medical leave from work, asking for that leave would be:",Do you think that discussing a mental health disorder with your employer would have negative consequences?,Do you think that discussing a physical health issue with your employer would have negative consequences?,Do you feel that your employer takes mental health as seriously as physical health?,Have you heard of or observed negative consequences for co-workers who have been open about mental health issues in your workplace?,Have your previous employers provided mental health benefits?,Were you aware of the options for mental health care provided by your previous employers?,Did your previous employers ever formally discuss mental health (as part of a wellness campaign or other official communication)?,Did your previous employers provide resources to learn more about mental health issues and how to seek help?,Was your anonymity protected if you chose to take advantage of mental health or substance abuse treatment resources with previous employers?,Do you think that discussing a mental health disorder with previous employers would have negative consequences?,Would you have been willing to discuss a mental health issue with your direct supervisor(s)?,Did you feel that your previous employers took mental health as seriously as physical health?,Did you hear of or observe negative consequences for co-workers with mental health issues in your previous workplaces?,Would you bring up a mental health issue with a potential employer in an interview?,Do you feel that being identified as a person with a mental health issue would hurt your career?,How willing would you be to share with friends and family that you have a mental illness?,Have you observed or experienced an unsupportive or badly handled response to a mental health issue in your current or previous workplace?,Do you have a family history of mental illness?,Have you been diagnosed with a mental health condition by a medical professional?,What is your gender?,What country do you work in?,Do you work remotely?
0,0,1,0,0,0,2,0,0,0,2,0,2,3,3,2,0,2,2,1,0,0,1,1,0,3
1,0,1,1,0,0,1,0,1,1,0,3,1,0,3,3,0,0,0,1,0,1,1,1,1,0
2,0,1,2,2,0,2,0,0,0,0,3,2,2,2,2,3,1,2,1,2,0,0,1,0,1
3,1,1,2,1,2,0,0,2,0,3,0,2,3,3,3,3,0,1,1,1,1,1,0,1,3
4,1,2,1,1,1,0,1,0,1,0,0,2,1,0,0,3,2,1,1,1,0,0,1,0,3
5,2,0,1,0,0,1,0,3,1,0,3,2,0,1,3,0,1,1,4,0,0,0,1,1,3
6,1,1,0,0,0,2,0,3,1,3,3,3,3,3,3,3,0,2,1,1,1,1,0,1,1
7,2,0,-1,1,1,0,0,2,0,3,0,2,1,0,0,0,2,2,1,1,1,1,0,1,3
8,1,2,0,0,0,1,0,0,0,0,0,0,3,3,0,3,1,0,2,1,2,1,1,1,0
9,1,1,-2,1,0,0,0,0,0,0,0,2,1,0,0,0,0,1,-2,0,1,1,1,1,3
10,1,2,0,0,0,1,0,3,1,3,3,1,0,3,1,0,0,0,1,0,1,1,0,1,1
11,1,1,1,0,0,1,0,2,0,0,0,2,1,3,0,3,0,2,-2,1,0,0,1,2,3
12,1,1,0,0,0,0,0,2,0,0,0,2,2,2,2,0,0,0,1,0,1,1,1,1,1
13,2,0,2,2,2,2,0,3,1,3,3,3,3,3,3,0,2,2,0,0,1,1,1,1,3
14,0,0,-1,2,0,0,0,0,0,0,0,0,1,0,0,3,0,1,2,1,1,1,0,2,1
15,0,0,2,2,0,0,0,0,1,0,0,2,3,3,3,0,0,2,1,2,0,0,1,0,0
16,2,0,2,1,0,1,0,2,0,0,3,2,1,0,0,0,0,1,-1,0,1,1,1,1,3
17,0,0,0,0,0,2,0,1,1,0,0,1,0,3,1,0,0,1,-1,2,1,0,1,1,3
18,1,0,1,0,0,2,0,3,1,3,3,1,0,3,2,0,0,2,0,0,0,0,1,1,0
19,1,1,0,2,2,2,0,1,1,0,0,2,2,3,2,0,2,2,0,0,2,0,1,3,3
20,1,1,-2,2,0,2,0,3,1,3,3,2,3,3,3,3,0,1,1,1,1,1,1,2,3
21,0,0,-1,1,1,0,0,0,1,3,0,2,3,2,3,0,2,1,1,2,2,1,1,4,3
22,2,0,-2,0,0,2,0,0,0,0,0,2,2,0,0,3,0,1,-1,2,0,0,1,3,0
23,2,0,2,2,0,2,1,2,0,0,0,2,3,0,0,1,0,1,0,1,1,0,0,0,0
24,0,0,1,0,0,1,0,0,0,0,0,2,3,0,0,3,0,1,-1,1,1,1,2,0,0
25,1,1,0,0,0,1,0,3,1,0,3,1,0,2,1,0,0,0,2,0,0,1,1,1,3
26,1,2,0,0,0,1,0,0,0,0,0,2,3,0,0,0,1,0,-1,2,0,0,1,0,3
27,0,0,1,2,0,2,1,0,0,0,0,3,3,0,0,0,0,1,1,0,0,0,1,3,0
28,1,2,0,0,0,1,0,3,1,3,3,2,3,3,3,3,1,2,1,1,1,1,1,1,1
29,0,1,1,0,0,1,0,0,1,0,0,0,3,3,0,1,2,2,1,1,0,0,1,0,0
30,0,2,1,0,0,2,0,0,0,0,0,2,2,3,3,0,2,2,2,0,1,1,1,0,3
31,1,1,2,2,0,2,1,3,0,0,3,2,3,1,2,3,1,2,2,1,2,0,1,2,1
32,1,2,1,0,0,0,0,3,1,3,3,1,3,3,3,3,2,0,1,2,2,0,1,1,1
33,1,2,-2,1,2,0,0,3,0,0,3,2,3,1,0,0,0,2,2,2,1,0,0,4,0
34,0,2,-2,2,0,0,0,0,0,0,0,0,2,0,0,0,0,1,1,0,0,0,1,1,0
35,1,1,1,2,2,0,0,0,0,0,0,0,1,0,0,3,0,1,1,1,1,1,1,1,3
36,2,0,2,2,0,2,0,3,1,0,3,2,3,3,3,0,2,2,-1,0,2,0,1,1,3
37,1,1,0,0,0,2,0,3,1,3,1,1,3,3,3,3,0,2,1,0,0,1,0,1,1
38,0,1,1,2,2,2,0,0,0,0,0,2,3,0,2,0,0,1,0,2,2,1,1,5,0
39,1,1,0,2,2,2,0,3,1,0,3,1,3,3,3,3,1,2,1,2,1,0,1,1,3
40,1,1,-2,2,2,1,0,1,1,3,3,1,3,3,3,3,0,2,0,1,1,1,1,1,3
41,1,1,2,2,0,2,0,0,1,0,0,2,3,3,2,0,0,1,0,0,0,1,1,1,1
42,1,0,-2,2,2,2,0,3,0,3,3,2,3,3,3,1,0,2,-1,0,0,0,0,1,3
43,1,1,-2,2,0,0,0,3,0,0,3,1,3,0,0,0,0,1,-1,2,1,0,1,2,0
44,1,2,-2,0,0,2,0,2,0,0,0,2,2,3,2,0,0,0,-1,0,2,0,0,1,3
45,2,0,2,2,0,2,0,0,1,0,0,2,3,2,0,0,2,2,4,0,2,0,1,1,3
46,1,2,2,0,0,0,0,0,0,0,0,2,3,0,0,0,2,1,1,2,2,0,1,6,3
47,0,2,-1,1,0,0,0,2,0,0,0,2,1,3,2,3,2,1,1,2,0,1,1,0,0
48,1,1,1,0,0,2,0,3,0,0,0,2,3,1,0,0,2,2,1,1,0,0,1,1,3
49,0,1,-2,2,0,0,1,0,1,0,0,2,2,3,3,3,0,1,1,1,1,1,0,1,0
50,1,2,2,2,2,2,0,0,1,3,0,0,1,3,0,3,0,1,1,1,1,1,1,1,1
51,1,2,2,2,2,2,0,3,1,0,0,2,2,3,0,3,0,1,1,0,1,0,1,1,0
52,0,1,0,0,0,1,0,0,0,0,1,2,0,1,1,0,0,2,2,0,2,1,1,4,3
53,2,0,-1,1,2,0,0,2,0,0,0,2,1,0,0,0,0,1,-2,0,1,0,1,1,3
54,0,0,0,0,0,2,0,2,0,0,0,2,3,1,2,0,1,2,2,0,0,1,1,4,3
55,1,1,0,0,0,1,0,2,0,0,0,2,3,3,2,0,0,2,1,0,1,0,1,1,1
56,0,1,0,0,0,2,0,3,0,0,0,2,0,1,2,0,0,2,1,0,1,0,1,4,3
57,2,2,1,0,0,1,0,2,0,0,3,0,3,3,3,0,2,2,1,0,0,0,0,4,0
58,2,2,-2,2,0,0,0,3,1,2,3,3,2,3,0,0,0,2,0,0,0,0,1,1,3
59,1,1,0,0,0,1,0,3,1,3,3,1,3,3,3,0,2,2,2,0,1,1,1,1,1
60,1,1,2,0,0,2,0,0,0,0,0,2,2,3,2,0,0,2,1,0,0,0,1,0,0
61,0,0,-1,2,2,2,1,3,1,0,0,0,1,0,0,3,0,2,-1,1,1,0,1,7,0
62,1,0,2,2,0,0,0,2,0,0,0,2,2,0,2,0,1,2,-1,1,0,0,1,1,0
63,2,0,-2,2,0,0,0,2,1,0,3,2,2,3,3,0,0,1,1,0,0,0,1,2,0
64,2,2,-2,2,0,0,0,2,0,0,0,2,3,3,0,0,2,1,0,1,2,1,1,0,3
65,0,2,2,2,0,2,0,0,0,0,0,2,2,0,2,0,0,2,1,1,2,1,1,7,0
66,1,1,2,2,2,2,0,1,1,2,1,2,3,2,2,0,0,1,-1,0,1,1,1,1,3
67,0,1,2,0,0,1,0,0,0,0,0,2,1,0,0,0,2,2,1,2,0,0,1,0,3
68,0,1,-2,1,0,0,1,0,0,0,0,2,3,2,3,0,1,2,-2,1,0,0,1,7,1
69,2,2,2,0,0,2,0,0,0,0,0,1,0,3,3,0,2,2,1,1,0,1,0,1,3
70,1,2,2,0,0,2,0,3,1,3,0,3,0,3,3,0,0,0,1,0,1,1,1,1,3
71,2,2,0,0,0,2,0,1,1,1,1,2,2,3,1,3,0,1,4,1,0,0,0,1,1
72,2,2,2,0,0,1,0,2,0,0,0,2,3,2,0,0,2,2,1,0,2,0,1,1,3
73,1,1,-2,2,0,0,0,0,0,0,0,2,3,3,2,0,0,2,1,0,1,1,0,1,3
74,1,0,2,2,0,2,0,2,0,0,0,2,1,0,0,3,0,1,4,0,0,0,1,1,3
75,2,2,2,0,0,2,0,0,0,0,0,2,2,1,2,0,1,2,1,0,1,0,1,1,3
76,2,2,0,2,2,2,0,3,1,3,3,1,3,0,0,0,0,1,1,0,1,0,0,1,3
77,1,1,-2,2,0,0,0,3,1,0,0,2,3,3,2,0,2,2,1,2,1,0,0,1,0
78,1,1,2,2,2,0,0,1,1,0,1,1,2,2,0,0,2,2,1,2,1,1,0,1,1
79,2,0,1,0,0,2,0,0,0,0,0,2,1,0,0,3,1,2,4,2,0,0,1,1,3
80,1,1,0,0,0,1,0,1,1,2,0,2,2,0,2,0,0,2,1,0,1,1,1,1,1
81,1,1,2,2,2,2,0,0,0,0,0,2,2,2,2,0,2,2,1,0,0,0,1,1,3
82,2,0,2,0,0,2,0,0,0,0,0,2,3,3,0,0,2,0,2,0,1,1,1,1,3
83,1,1,1,0,0,1,0,3,0,0,3,2,3,0,3,3,0,2,2,1,1,1,0,1,3
84,2,2,2,0,0,2,0,2,0,0,0,2,3,3,0,0,0,1,1,0,1,1,0,1,3
85,1,0,2,2,0,2,0,1,1,0,0,3,3,3,3,0,0,1,0,2,1,1,1,1,3
86,2,2,2,0,0,2,0,3,1,3,3,3,3,3,3,0,1,2,2,0,1,0,1,0,3
87,1,1,0,0,0,1,0,2,0,2,0,2,3,0,0,0,0,2,4,0,2,0,0,1,3
88,0,1,-2,1,2,2,0,3,1,3,3,2,1,0,0,0,0,1,1,1,1,1,0,3,3
89,2,0,-1,1,2,2,0,1,1,1,1,3,3,3,2,3,0,2,1,1,2,0,0,1,3
90,2,0,0,2,2,2,0,2,0,2,0,2,3,3,0,3,2,2,2,0,0,0,1,6,3
91,1,0,1,2,0,1,0,2,0,0,0,2,2,0,3,0,0,1,0,0,0,0,0,1,3
92,2,2,-1,2,2,2,0,1,1,0,0,2,2,3,2,0,0,2,1,0,2,1,1,1,3
93,1,0,-2,1,2,0,0,3,1,3,3,0,1,0,0,3,0,1,-2,1,2,1,1,1,3
94,0,2,-2,1,0,0,0,0,0,0,0,2,3,3,0,3,0,1,1,1,1,1,1,1,3
95,1,0,2,2,0,2,0,3,1,3,3,2,2,0,0,3,0,1,0,1,2,1,1,1,3
96,2,0,2,0,0,1,0,2,0,0,0,2,2,3,3,0,0,0,1,2,1,0,1,1,3
97,1,2,2,2,0,2,0,3,1,0,3,2,3,2,2,0,2,1,4,0,0,0,1,1,3
98,1,0,2,0,0,1,0,2,0,0,0,2,3,2,0,0,0,2,0,0,0,1,1,1,3
99,2,2,1,0,0,2,0,3,1,3,3,3,0,1,2,0,2,2,1,0,0,0,1,1,1
100,1,1,-2,1,0,0,0,1,1,3,3,2,3,3,0,0,0,2,1,2,2,1,0,1,3
101,1,1,1,0,0,2,0,3,1,2,3,3,3,3,3,3,2,2,2,1,1,1,1,1,3
102,0,1,-1,2,2,2,0,3,1,3,3,3,1,0,0,3,0,1,1,1,1,1,0,2,1
103,2,0,2,1,2,2,0,2,0,0,0,2,2,3,2,0,0,1,1,2,2,0,0,1,3
104,1,0,2,2,0,1,0,2,0,0,0,2,2,3,3,0,2,1,1,2,1,1,0,1,1
105,1,2,1,2,0,1,0,3,0,0,3,0,3,1,3,0,0,1,2,0,2,1,0,1,3
106,1,0,-1,1,2,0,1,3,1,0,0,2,3,3,3,3,0,1,1,1,0,1,1,1,3
107,1,1,1,0,0,1,0,0,1,0,0,2,3,0,0,3,0,1,2,2,0,0,1,1,3
108,2,0,-2,0,0,1,0,3,1,0,0,3,3,0,2,3,2,0,2,1,1,1,2,2,3
109,0,0,-1,1,2,0,1,0,0,0,0,0,1,0,0,1,0,1,1,1,0,0,1,1,3
110,1,1,0,0,0,1,0,3,1,3,3,1,0,3,3,0,1,0,2,0,0,1,1,1,3
111,1,0,2,2,0,2,0,2,1,3,3,2,2,3,2,0,2,2,1,0,1,0,1,1,1
112,2,0,0,0,0,2,0,1,1,1,3,2,0,1,1,0,2,1,1,0,2,0,1,1,1
113,0,2,-1,1,2,2,0,3,0,0,0,2,3,3,0,3,0,1,0,2,2,1,1,1,3
114,2,0,-2,1,2,0,0,0,0,0,0,2,3,2,0,0,0,1,-1,2,0,0,1,2,1
115,1,1,1,2,2,0,0,3,0,3,0,2,3,0,3,0,0,1,0,0,0,0,1,1,3
116,1,1,0,0,0,1,0,2,0,0,3,2,2,2,2,0,0,1,1,1,1,1,1,1,3
117,1,1,-2,2,2,1,0,3,1,0,0,2,3,3,3,0,0,1,2,2,0,1,0,1,0
118,1,1,2,2,0,0,0,0,1,2,0,2,2,0,0,0,2,1,1,2,0,0,1,1,0
119,2,2,0,2,2,1,0,1,1,0,0,2,2,3,2,0,2,1,4,0,0,0,1,4,0
120,2,0,0,2,2,2,0,0,0,0,0,3,3,3,3,0,2,2,4,0,0,0,0,4,3
121,1,1,2,2,0,2,0,2,0,0,3,2,2,0,2,0,0,2,-1,0,2,0,1,0,0
122,1,2,1,2,0,2,0,2,0,2,3,2,3,3,0,0,0,1,4,2,0,0,1,3,3
123,0,2,1,2,2,0,0,3,1,0,3,3,3,3,3,3,0,1,1,1,0,0,1,3,0
124,2,2,2,2,0,2,0,2,0,2,0,2,2,1,2,0,2,2,1,0,0,0,1,1,1
125,0,2,2,2,2,2,0,3,1,0,3,2,2,3,3,0,0,1,1,2,2,0,1,1,1
126,1,0,2,2,2,0,0,3,0,0,3,2,2,3,2,0,0,1,-1,0,2,0,1,1,3
127,0,0,2,2,2,0,0,0,1,0,0,3,2,0,3,0,0,1,-2,2,1,1,1,1,0
128,1,1,-2,2,0,0,0,3,0,0,0,3,3,3,0,3,2,1,1,1,1,1,0,1,3
129,2,2,1,0,0,2,0,2,0,2,0,2,3,3,3,3,0,2,1,2,1,1,0,1,1
130,0,2,1,0,0,1,0,0,0,0,0,2,2,2,0,3,1,2,0,0,0,0,1,0,3
131,1,2,0,0,0,1,0,2,0,0,0,2,3,2,2,0,2,0,2,0,1,1,1,1,1
132,0,2,0,0,0,1,0,2,0,0,0,2,1,2,0,0,2,2,2,0,2,0,1,0,3
133,0,2,0,0,0,1,0,2,0,0,0,1,3,0,3,3,0,1,1,1,0,1,2,4,3
134,0,0,0,0,0,2,0,1,1,0,0,2,0,3,2,0,0,2,4,0,1,0,1,4,0
135,1,1,-2,2,0,1,0,0,1,0,0,0,3,0,0,0,2,1,1,1,1,1,1,1,0
136,0,0,1,0,0,0,0,2,0,0,0,3,3,3,0,0,2,2,1,0,0,0,1,8,3
137,1,1,1,0,0,1,0,2,0,2,1,2,2,3,3,0,2,0,1,0,2,1,1,1,3
138,1,1,-2,0,0,1,0,3,1,3,3,1,3,3,3,3,0,2,4,2,1,0,0,1,0
139,1,0,0,0,0,1,0,3,1,0,0,2,1,3,0,0,2,0,2,0,0,1,1,1,3
140,1,0,0,2,0,2,0,2,0,0,0,2,2,3,3,0,0,1,2,2,0,1,1,1,3
141,1,2,1,2,0,1,0,2,0,2,3,2,3,3,3,0,2,2,1,0,1,1,1,1,1
142,0,0,2,0,0,2,0,0,1,0,0,2,2,0,3,0,0,2,-1,0,1,0,1,3,3
143,1,1,-2,2,2,2,0,1,1,3,3,3,3,3,3,3,2,2,1,1,0,1,0,1,3
144,0,2,1,2,0,0,0,0,0,0,0,2,3,3,0,0,0,1,2,0,2,1,1,0,0
145,2,0,1,2,0,2,0,0,0,0,0,0,3,3,3,3,0,2,2,1,1,1,1,9,3
146,1,1,2,2,0,1,0,1,1,0,3,1,3,0,0,0,0,2,0,2,1,1,1,1,3
147,1,1,-2,1,2,0,0,0,0,0,0,0,1,0,0,3,0,1,-1,0,1,1,1,1,3
148,1,1,-2,2,0,1,0,3,1,0,3,2,3,3,0,3,0,1,1,2,1,0,0,1,1
149,2,1,0,0,0,2,0,2,0,3,0,2,0,1,2,0,1,0,2,0,0,0,1,0,1
150,2,0,1,0,0,1,0,2,0,0,0,2,2,3,2,0,0,1,1,0,0,0,1,10,3
151,1,1,1,0,0,0,1,1,1,0,3,2,3,3,3,3,1,2,2,1,1,1,0,1,3
152,2,2,-2,2,0,1,0,0,0,0,0,2,3,3,3,0,0,2,1,2,0,0,1,1,1
153,2,0,1,2,0,2,0,0,0,0,0,2,2,3,0,0,0,1,2,0,1,0,1,9,1
154,2,0,-2,2,0,2,0,3,1,3,0,2,3,3,3,0,0,0,2,0,0,1,1,1,1
155,0,0,-2,1,0,2,0,3,1,3,3,1,2,3,3,0,2,2,1,0,1,1,1,1,1
156,1,2,1,0,0,0,0,2,0,0,0,2,3,0,0,0,2,2,0,0,0,0,1,0,1
157,0,0,2,0,0,1,0,3,1,0,0,1,0,3,3,0,0,1,1,0,0,0,1,3,3
158,1,1,1,0,0,1,0,1,1,3,3,2,0,3,3,0,2,0,0,0,1,1,1,1,1
159,1,0,1,2,0,2,0,3,1,3,3,3,1,3,3,1,0,1,1,1,1,1,0,0,3
160,2,2,2,2,2,0,0,0,0,0,0,3,2,3,0,0,0,1,-1,0,0,0,1,10,3
161,2,0,2,2,2,1,0,0,0,0,0,2,2,2,2,0,2,1,4,0,0,0,1,10,3
162,2,0,2,2,2,1,0,2,0,0,0,2,2,2,2,0,2,2,4,0,0,0,1,1,1
163,1,1,0,0,0,1,0,1,1,0,0,1,0,1,1,0,1,0,2,0,2,1,1,8,0
164,1,0,2,2,0,1,0,1,1,1,1,3,3,3,3,3,2,2,1,2,1,0,1,2,3
165,2,0,1,0,0,0,0,2,0,2,0,2,3,3,2,0,2,0,1,0,0,0,1,1,0
166,0,0,1,2,2,2,0,0,1,0,0,0,1,0,0,3,0,1,-2,0,1,1,0,11,3
167,1,1,1,0,0,1,0,0,0,0,0,3,3,3,3,3,0,2,1,2,2,0,1,0,1
168,1,2,1,2,0,1,0,3,1,3,3,2,3,3,3,0,0,1,-1,0,1,0,0,1,1
169,2,0,1,2,2,2,1,2,0,0,0,2,2,0,2,3,0,1,0,1,1,1,1,6,3
170,0,2,1,2,0,1,0,0,0,0,0,0,3,0,0,0,2,2,-1,0,0,0,1,12,1
171,1,1,2,2,0,0,0,0,0,0,0,2,3,0,0,0,2,1,1,0,2,0,1,1,3
172,1,1,0,0,0,1,0,0,0,0,0,2,2,3,0,3,1,2,1,1,1,0,1,1,0
173,1,2,0,0,0,1,0,0,0,0,0,2,0,0,3,0,2,0,-1,1,0,0,1,3,3
174,1,1,0,0,0,1,0,3,1,3,3,1,2,3,3,0,2,2,2,0,1,0,0,1,1
175,1,1,-1,1,0,0,0,3,1,0,0,2,3,0,0,0,0,1,1,2,1,1,1,1,3
176,1,1,0,0,0,1,0,3,1,3,3,1,0,1,1,0,1,2,2,0,1,0,1,1,3
177,0,0,0,2,0,2,0,0,0,0,0,0,3,0,1,3,1,1,-1,1,0,0,1,10,0
178,0,2,2,1,2,1,0,0,0,2,0,2,3,0,2,0,0,1,1,0,2,0,1,3,0
179,2,0,1,2,0,0,0,2,0,0,0,0,3,3,0,0,2,2,1,0,0,0,1,1,3
180,2,2,0,0,0,2,0,2,0,0,0,2,2,0,3,0,0,2,1,0,2,0,1,3,1
181,2,2,2,2,2,2,0,3,1,3,3,1,3,3,3,3,2,2,0,0,2,1,0,1,3
182,0,2,0,1,0,1,0,2,0,0,3,2,3,0,0,0,0,1,1,1,0,1,1,0,3
183,0,2,1,0,0,1,0,3,1,3,0,2,1,0,0,3,0,0,1,1,1,1,0,1,1
184,0,2,-2,2,2,0,0,2,0,0,0,0,1,2,2,0,0,1,4,1,0,0,1,1,0
185,1,1,2,2,0,2,0,3,1,0,3,2,3,3,3,3,2,2,1,2,1,1,1,1,0
186,1,1,-1,2,2,0,0,3,1,3,0,2,1,3,0,0,0,1,1,0,1,1,0,13,3
187,1,2,2,2,0,2,1,0,0,0,0,0,1,0,0,1,0,1,-2,1,2,1,0,2,1
188,1,1,1,0,0,1,0,0,1,0,0,2,3,0,0,0,0,2,1,1,1,1,0,1,3
189,1,1,2,2,2,0,1,1,1,0,0,3,1,0,3,3,0,1,-1,1,1,1,1,1,3
190,0,1,1,0,0,0,0,0,0,0,0,2,3,0,0,0,2,1,2,0,1,0,1,14,3
191,1,1,1,0,0,1,1,3,1,3,3,2,3,3,3,3,2,2,1,1,1,1,1,1,0
192,1,2,1,0,0,1,0,3,0,3,0,1,3,3,0,0,0,2,1,0,0,1,1,1,3
193,1,1,2,2,0,2,0,2,0,0,0,2,2,2,2,3,0,2,-1,2,1,1,0,1,3
194,1,2,0,0,0,1,0,1,1,3,3,3,3,3,3,0,0,0,2,0,1,0,1,1,3
195,1,1,0,0,0,1,0,3,0,3,3,3,3,3,3,3,0,0,1,2,1,1,1,1,3
196,1,0,2,0,0,0,0,2,0,3,3,2,1,0,0,3,0,1,1,1,0,0,0,1,3
197,1,1,2,2,2,1,1,1,1,3,3,2,2,2,0,3,0,1,2,1,0,0,1,2,3
198,1,1,2,2,0,2,0,1,1,0,0,2,3,3,3,3,0,2,1,1,1,1,0,1,3
199,1,1,-2,1,2,0,0,0,0,0,0,0,3,3,0,0,0,1,2,2,0,0,1,1,1
200,2,0,1,2,0,2,0,2,0,0,0,2,2,3,2,3,0,1,1,2,0,0,1,0,0
201,1,2,-2,2,0,0,0,3,1,0,3,2,3,3,0,3,0,2,1,1,1,1,0,1,3
202,1,1,0,0,0,1,0,3,0,0,3,1,3,3,3,3,2,2,1,2,1,0,0,1,3
203,0,0,-1,1,2,0,1,3,1,0,3,2,1,0,0,1,0,1,-1,1,1,1,0,0,3
204,1,1,1,2,0,2,0,3,1,0,0,2,3,0,0,3,0,2,-1,1,0,1,0,1,3
205,2,1,1,0,0,1,1,3,1,0,0,1,3,3,3,0,2,2,-1,0,1,1,1,3,1
206,1,1,0,0,0,1,0,3,1,3,3,2,3,3,3,0,1,2,2,0,1,0,1,1,3
207,1,1,1,0,0,1,0,3,1,3,3,3,3,3,0,3,2,2,1,1,0,1,1,1,3
208,1,2,0,0,0,1,0,2,0,0,0,2,3,3,2,0,0,2,0,0,2,0,1,1,0
209,2,2,-1,1,1,0,1,1,1,1,1,1,2,1,0,0,2,1,-2,2,2,0,1,1,0
210,1,2,2,0,0,2,0,3,1,3,3,2,3,3,3,0,2,0,1,0,0,1,1,1,1
211,1,0,-1,2,2,2,0,2,0,0,0,2,2,3,2,0,2,2,1,2,1,0,0,1,3
212,1,2,1,0,0,2,0,3,1,0,0,0,3,3,3,0,0,1,-2,1,1,0,1,1,1
213,1,1,2,0,0,2,0,0,0,0,0,2,2,0,2,0,0,0,4,0,0,1,1,1,3
214,1,1,-1,1,2,0,0,0,1,0,0,2,1,0,3,3,0,1,1,0,1,1,0,1,0
215,0,1,2,1,0,2,0,3,1,3,3,2,3,3,0,3,0,2,-1,1,2,1,1,5,3
216,2,0,-2,1,2,2,0,3,1,3,3,2,3,0,3,3,0,2,-1,2,1,0,1,1,0
217,1,0,0,2,0,0,1,1,1,0,3,1,3,3,3,3,0,1,1,1,1,1,0,1,1
218,2,2,2,0,0,1,0,2,0,2,1,2,0,1,2,0,1,2,1,0,2,0,1,1,3
219,0,0,-2,1,2,0,0,0,0,0,0,0,3,0,0,3,0,1,1,1,1,1,1,1,3
220,2,0,1,0,0,2,0,2,0,0,0,2,0,2,2,0,2,2,0,0,1,0,1,3,3
221,0,0,2,2,2,0,1,2,0,1,0,2,0,1,1,0,2,1,4,1,0,0,1,4,0
222,2,2,2,0,0,2,0,0,0,0,0,2,3,0,0,0,0,2,4,2,2,1,2,0,3
223,2,0,2,1,1,2,0,3,1,3,3,2,1,0,2,0,0,1,1,0,1,1,0,1,3
224,0,0,0,0,0,2,0,0,0,0,0,2,3,3,0,0,0,0,1,0,1,1,1,0,3
225,1,2,0,0,0,1,0,3,1,3,1,1,3,3,3,3,2,2,2,1,1,1,0,5,3
226,1,2,0,0,0,1,0,0,1,0,0,0,1,3,0,1,1,2,2,1,1,1,0,15,3
227,2,2,2,0,0,2,0,0,0,0,0,2,3,3,2,3,0,2,0,1,0,0,1,0,3
228,0,2,-2,0,0,2,0,0,0,0,0,2,3,0,0,0,2,2,4,2,2,0,2,0,0
229,1,1,1,0,0,1,0,0,0,0,0,2,1,2,0,3,2,1,2,1,1,1,1,0,1
230,0,1,1,2,0,0,0,0,0,0,0,2,3,0,2,1,2,0,1,1,1,1,1,0,3
231,2,2,2,2,0,2,0,2,0,0,0,2,2,3,2,0,2,2,4,2,0,0,1,1,1
232,0,0,-2,2,0,1,0,3,0,0,0,1,3,3,3,3,2,1,-1,0,1,1,1,0,0
233,2,0,0,0,0,1,0,0,0,0,0,2,3,3,2,0,0,1,2,2,0,0,0,10,3
234,2,0,2,2,0,1,0,3,1,3,3,3,2,3,3,3,0,1,1,2,1,1,0,0,0
235,1,2,0,0,0,1,0,1,1,1,3,3,1,1,1,0,0,2,1,0,0,0,1,0,3
236,0,2,2,2,2,1,0,1,0,0,0,0,1,0,0,0,0,2,-2,0,1,1,1,1,1
237,0,2,0,0,0,1,0,0,0,0,3,1,3,3,0,3,0,2,1,2,0,0,1,16,3
238,2,0,1,0,0,1,0,2,0,0,3,2,0,1,3,0,2,2,2,0,0,0,1,1,3
239,1,2,-2,2,0,1,0,3,1,0,0,2,3,0,3,0,0,1,1,0,1,1,1,1,3
240,1,1,2,2,2,2,0,3,1,3,3,2,2,3,3,0,0,2,1,0,1,1,1,1,0
241,2,2,-1,2,2,2,1,3,1,3,3,1,1,0,2,0,0,1,1,2,0,0,0,2,0
242,1,1,1,0,0,1,0,0,0,0,0,2,1,2,2,0,2,2,1,1,1,1,0,2,0
243,1,2,-2,2,0,1,0,1,1,3,3,1,3,3,3,3,0,1,2,0,1,1,0,2,3
244,1,1,2,0,0,1,0,0,0,0,0,2,2,1,3,0,2,2,2,1,1,0,0,2,3
245,2,2,2,0,0,2,0,2,0,2,0,2,3,1,2,0,0,2,-1,2,1,0,0,2,0
246,1,1,0,0,0,1,0,3,1,3,3,3,3,3,3,3,2,1,1,1,0,0,0,2,3
247,1,0,2,0,0,1,0,2,0,0,0,2,2,2,0,0,0,2,1,2,0,1,1,2,0
248,0,0,-2,2,0,2,0,0,0,0,0,0,3,0,0,0,0,1,-1,2,1,0,1,17,1
249,2,0,-2,1,0,2,0,2,0,0,0,2,2,0,3,0,0,1,1,0,0,0,1,1,3
250,1,2,0,0,0,1,0,1,1,0,0,2,1,0,0,3,0,2,-1,1,2,1,0,1,3
251,1,0,-1,1,2,2,0,1,0,3,3,2,3,0,0,3,0,1,-1,0,2,0,1,2,0
252,0,0,1,0,0,1,0,2,0,3,3,2,3,3,0,3,2,2,2,2,1,1,1,1,1
253,1,2,1,0,0,0,0,3,1,3,3,3,3,3,0,0,1,0,-1,1,1,0,1,1,1
254,1,1,1,0,0,1,0,3,0,2,0,2,3,3,2,3,2,2,1,1,1,1,0,1,3
255,1,1,0,0,0,1,0,2,0,0,0,2,3,3,3,0,2,0,2,0,0,1,1,4,3
256,0,1,-2,0,0,2,0,0,0,0,0,2,2,0,2,0,1,2,1,1,0,1,1,1,3
257,0,1,0,0,0,1,0,2,0,0,0,2,3,3,0,0,0,0,1,1,0,0,1,18,0
258,2,0,0,0,0,2,0,0,0,0,0,2,3,0,3,0,0,0,-1,2,0,0,1,3,0
259,1,1,0,0,0,1,0,3,1,0,0,2,1,0,0,3,1,2,1,2,1,0,0,1,1
260,2,0,-2,2,0,0,0,0,0,0,0,2,3,2,0,0,0,1,-1,1,2,1,0,1,1
261,2,0,2,2,0,2,0,2,0,3,3,3,0,3,1,0,2,2,1,0,2,0,1,1,0
262,1,2,1,0,0,1,0,2,0,0,0,2,2,0,0,0,2,0,1,0,1,0,0,1,3
263,1,2,0,2,0,2,0,1,1,0,0,2,2,3,2,0,0,2,1,1,1,1,1,1,3
264,2,0,2,2,0,0,0,2,0,0,0,0,3,0,3,3,0,2,0,0,0,0,1,1,1
265,1,2,2,0,0,2,0,3,1,3,3,3,3,3,3,3,0,1,1,1,2,0,1,1,0
266,0,2,-2,0,0,2,0,1,1,3,3,2,0,3,3,0,0,2,1,0,1,1,1,1,3
267,2,0,2,1,2,2,0,1,0,0,3,2,2,3,2,3,0,1,-1,2,0,0,1,1,1
268,1,1,0,0,0,1,0,1,1,0,0,2,2,0,3,0,0,2,2,2,2,1,0,1,3
269,1,1,-2,1,0,0,0,2,0,3,3,2,1,3,0,0,0,1,1,2,1,1,1,1,0
270,1,2,2,1,2,2,0,3,1,3,3,2,3,3,3,1,0,1,0,1,1,0,1,1,1
271,1,0,1,2,2,2,0,3,1,0,3,2,3,3,3,0,0,1,2,1,1,1,0,1,1
272,0,0,-2,1,0,0,0,3,1,3,3,3,2,3,3,3,0,1,4,2,0,0,1,1,3
273,2,2,1,0,0,0,0,0,0,0,0,2,3,0,0,0,0,0,1,0,1,0,1,1,3
274,1,1,0,0,0,1,0,1,1,3,1,1,2,1,3,0,1,2,2,0,0,0,1,1,1
275,1,2,1,0,0,1,0,3,0,0,0,2,1,3,0,3,0,2,-1,2,0,0,0,1,1
276,0,2,2,2,0,2,0,0,0,0,0,2,3,2,3,0,2,2,1,0,1,0,1,0,3
277,1,0,2,2,1,1,0,1,1,0,3,3,1,0,3,3,1,2,2,1,1,1,0,1,3
278,1,2,1,2,2,1,0,3,1,0,0,2,3,3,3,0,0,0,2,0,0,1,1,1,3
279,2,0,1,0,0,1,0,3,1,0,0,2,1,3,0,3,2,2,1,1,1,1,0,1,1
280,1,1,1,2,2,1,0,0,0,0,3,1,3,3,3,3,0,1,4,1,0,0,0,1,3
281,2,2,2,0,0,1,0,2,0,2,0,2,2,3,3,0,1,2,1,0,0,0,1,2,3
282,1,0,1,0,0,1,0,3,0,0,0,0,1,3,3,1,2,2,1,1,1,1,2,1,3
283,1,2,2,2,0,2,0,0,1,0,0,2,3,0,0,0,0,2,4,0,1,0,1,2,1
284,1,1,2,1,2,0,0,1,1,3,3,1,1,3,3,3,0,1,1,1,1,1,0,1,3
285,1,2,2,2,2,2,0,2,0,3,3,2,3,3,3,3,0,0,1,1,1,0,0,5,0
286,0,0,1,1,2,0,1,3,1,3,0,3,3,3,3,3,1,1,2,1,1,1,1,4,0
287,1,1,1,0,0,1,0,3,1,0,3,2,3,0,0,3,0,1,2,2,1,1,1,1,3
288,1,2,0,0,0,2,0,3,0,3,3,2,3,3,3,3,0,1,1,2,1,0,0,1,3
289,1,1,0,0,0,1,0,0,0,0,0,0,1,3,0,3,0,2,1,1,2,1,1,1,3
290,0,1,-2,1,2,2,0,2,0,0,0,2,3,3,2,0,0,2,1,2,2,1,0,5,3
291,2,2,1,2,0,0,0,0,0,0,0,2,3,3,0,3,0,2,1,2,1,1,1,1,1
292,2,2,-2,1,1,0,0,0,0,0,3,2,1,0,2,3,0,1,1,2,1,1,0,1,3
293,1,1,0,0,0,2,0,1,1,0,1,2,2,3,2,0,0,0,1,0,1,1,1,1,3
294,1,1,2,1,1,2,0,1,1,1,1,1,1,0,2,3,0,1,1,1,0,0,0,1,3
295,1,1,1,0,0,1,0,1,1,2,3,2,3,3,2,0,0,1,-1,0,2,1,1,1,1
296,2,0,2,2,0,2,1,2,0,0,0,2,3,0,0,0,0,1,0,1,1,0,1,1,3
297,2,0,1,0,0,1,0,3,1,3,3,1,3,3,3,0,1,0,2,0,2,1,1,1,1
298,0,0,1,0,0,1,0,0,0,0,0,2,3,0,0,0,0,2,-1,1,2,0,0,0,3
299,2,2,1,0,2,1,0,3,1,3,3,3,3,3,3,0,0,2,1,0,1,0,1,1,3
300,1,2,1,2,0,2,0,3,0,0,0,2,3,0,3,3,2,1,-1,2,2,0,1,1,0
301,1,1,0,2,0,1,0,1,1,3,3,2,3,3,3,3,0,1,1,1,0,1,1,1,3
302,0,0,1,2,2,2,0,0,1,0,0,2,1,0,0,1,2,1,1,1,1,1,1,0,1
303,2,0,0,1,2,1,0,0,0,0,0,0,0,3,0,3,0,1,1,0,1,1,1,1,1
304,0,2,0,2,0,2,0,0,0,0,0,2,3,3,0,0,0,1,2,0,2,0,1,19,1
305,1,1,2,2,0,0,0,1,1,3,3,2,3,1,3,0,0,1,0,2,1,1,1,1,3
306,1,0,2,2,0,2,0,3,1,0,0,2,3,3,0,3,0,1,4,1,1,1,1,1,1
307,2,0,-2,2,2,2,0,2,0,3,3,2,3,0,2,0,0,2,0,0,2,0,1,1,3
308,1,2,2,2,0,2,0,1,1,3,0,2,3,3,3,0,0,1,1,1,1,1,1,1,0
309,2,2,2,0,0,0,1,0,0,0,0,2,3,0,0,3,0,2,0,2,1,1,0,0,0
310,1,2,0,0,0,1,0,2,0,3,0,2,2,1,3,0,2,0,2,0,0,0,1,4,0
311,0,0,-1,0,0,1,0,3,0,0,0,1,3,0,0,1,0,1,1,0,0,1,0,3,1
312,0,0,2,0,0,2,0,2,0,0,0,2,3,3,3,0,2,2,2,0,1,0,1,19,1
313,1,1,2,2,2,2,0,3,0,0,0,2,3,3,0,3,2,1,1,1,1,1,2,3,0
314,1,2,-2,0,0,0,0,2,0,0,0,2,3,3,0,0,0,1,-1,0,0,0,0,1,0
315,1,1,1,0,0,1,0,3,1,3,0,2,3,3,3,0,1,0,4,0,1,1,1,1,3
316,1,0,-2,2,2,0,0,2,0,0,0,2,3,0,0,3,0,2,-1,1,1,1,1,1,3
317,2,2,-1,2,2,2,0,3,1,3,3,2,1,0,3,3,0,1,-2,1,2,1,1,1,3
318,2,2,2,0,0,2,0,2,0,0,0,2,2,1,2,0,2,2,1,0,0,0,1,1,3
319,1,1,2,2,0,2,0,1,1,0,0,1,2,2,2,3,0,1,0,2,2,0,1,1,3
320,0,0,2,1,2,2,0,0,0,0,0,2,1,0,3,0,0,1,2,0,0,0,0,1,1
321,1,1,2,2,0,0,0,3,1,3,3,3,3,0,3,0,0,1,1,1,1,1,0,1,3
322,2,0,1,0,0,2,0,2,0,0,0,2,3,3,0,0,2,2,1,2,1,0,1,5,1
323,2,2,1,0,0,1,1,2,0,3,0,2,3,3,3,0,2,2,-1,2,1,0,1,4,0
324,2,2,0,0,0,1,0,3,0,0,0,2,3,0,3,3,0,0,1,0,0,0,1,0,3
325,0,2,2,2,0,2,0,0,0,0,0,2,3,0,2,0,2,2,-1,2,0,0,1,0,3
326,2,2,1,0,0,1,0,0,0,0,0,0,1,3,0,3,2,2,2,1,0,0,1,0,3
327,0,0,1,0,0,2,0,0,0,0,0,2,3,3,0,0,0,2,1,0,0,1,1,20,3
328,0,0,-2,2,0,0,1,2,0,0,0,2,2,3,2,0,0,1,4,1,0,0,1,0,0
329,1,0,2,2,2,2,0,1,1,3,3,2,3,3,3,3,2,1,-2,1,1,0,1,1,1
330,1,0,2,2,0,2,0,1,0,3,3,2,3,3,0,3,0,1,4,2,0,0,1,1,3
331,1,2,1,0,0,2,0,2,0,0,0,2,2,0,2,0,0,2,2,0,1,1,0,1,3
332,2,2,2,1,0,2,0,0,0,0,0,2,2,2,2,0,0,2,2,1,2,0,1,1,0
333,1,0,-2,2,2,1,0,3,1,0,0,0,3,0,3,0,0,1,1,2,2,1,1,1,1
334,2,2,0,0,0,1,0,0,0,0,0,2,2,2,2,0,2,2,1,0,0,0,0,1,0
335,2,2,1,2,2,2,0,1,1,3,3,2,2,3,3,0,0,1,0,0,0,0,1,1,3
336,1,1,2,2,0,0,0,3,1,3,3,2,3,0,2,3,0,2,1,2,0,1,1,1,3
337,0,1,-1,1,0,2,0,3,1,0,0,2,1,3,0,3,0,1,-1,1,1,0,1,1,3
338,1,1,1,0,0,1,0,1,1,3,3,1,3,3,3,0,0,2,1,0,1,1,1,1,3
339,0,0,0,2,2,0,0,0,0,3,3,2,0,2,0,0,0,1,-1,0,1,0,1,21,3
340,1,1,-2,0,0,1,0,1,1,3,1,2,0,3,2,0,0,0,1,2,1,1,1,1,1
341,1,2,0,0,0,1,0,2,0,0,0,2,3,3,3,3,2,2,1,1,0,0,1,1,1
342,0,2,2,0,0,1,0,3,1,3,3,2,3,3,3,0,0,2,4,0,2,0,1,1,3
343,0,2,2,2,2,2,0,3,1,3,3,2,2,0,2,0,0,1,1,2,1,0,1,1,3
344,2,2,2,1,1,0,0,1,1,3,3,2,3,0,0,3,0,1,0,1,1,1,0,2,1
345,1,2,1,0,0,2,0,3,0,0,0,3,3,3,3,3,0,2,2,0,1,1,1,1,3
346,2,0,-1,1,0,0,0,0,0,0,0,0,1,0,0,0,0,1,2,1,2,1,1,1,0
347,1,0,2,0,0,2,0,1,1,1,1,1,2,0,1,0,0,1,-1,0,0,0,1,1,3
348,1,1,1,0,0,0,0,0,0,0,0,0,1,0,0,0,0,2,-1,2,2,0,1,1,0
349,0,0,-2,1,0,2,0,1,1,0,0,0,2,0,0,3,0,2,1,2,1,1,0,1,0
350,1,1,1,0,0,1,0,3,1,0,0,2,0,3,3,3,0,2,1,2,1,1,1,1,3
351,0,0,2,0,0,2,0,2,0,2,0,2,2,2,0,0,2,2,0,0,1,0,1,1,0
352,1,2,0,0,0,2,0,2,0,0,3,2,3,0,3,0,2,2,-1,0,1,0,1,1,3
353,1,2,1,0,0,2,0,2,0,2,3,2,3,3,3,0,2,2,0,0,0,0,1,1,3
354,1,1,2,0,0,1,0,2,0,0,0,2,2,3,2,0,2,2,0,2,2,0,1,1,3
355,2,2,0,0,0,1,0,2,1,0,0,3,0,3,1,0,2,2,-1,0,1,0,0,1,1
356,1,2,-2,2,0,2,0,3,1,3,3,2,2,3,3,0,0,2,0,0,0,0,0,1,0
357,2,2,1,2,2,2,0,3,1,3,3,3,3,3,0,3,0,1,-1,0,1,1,1,1,3
358,1,2,-2,2,2,0,0,3,1,3,3,1,3,0,0,0,0,2,4,2,1,0,1,1,0
359,2,2,2,0,0,2,0,1,0,3,3,3,0,3,0,0,2,2,-1,0,1,1,1,22,3
360,2,0,2,1,0,2,0,0,0,0,0,2,3,0,3,0,0,1,4,0,0,0,1,23,0
361,2,0,2,1,0,2,0,1,1,0,0,2,1,0,0,0,0,1,1,0,0,0,1,1,3
362,1,0,2,2,0,2,0,3,1,0,3,1,3,0,3,0,0,1,1,0,1,1,1,1,3
363,1,2,2,2,0,0,0,3,1,3,3,2,3,3,3,3,2,2,1,2,2,1,1,1,0
364,2,2,2,2,2,2,0,2,0,0,0,3,2,0,2,0,2,2,-1,0,0,0,0,1,3
365,2,2,0,0,0,1,0,2,0,2,3,2,2,3,2,0,2,2,2,0,1,1,1,1,1
366,1,0,-2,1,0,2,0,3,1,3,3,3,3,3,3,3,0,1,4,1,0,0,0,1,3
367,0,2,-2,2,0,2,0,0,0,3,0,0,1,3,0,1,0,1,2,1,1,1,1,1,1
368,2,0,0,2,0,2,0,3,1,3,3,2,3,3,0,0,0,1,0,2,2,1,1,1,3
369,1,1,0,0,0,1,0,3,0,0,0,2,3,3,3,0,2,2,1,0,0,0,1,1,1
370,1,1,-1,2,0,2,0,1,1,3,3,1,3,0,3,0,2,2,0,0,0,1,1,1,3
371,1,1,0,0,0,1,0,2,0,0,0,2,1,1,2,0,2,0,2,0,1,1,1,1,0
372,1,0,0,2,2,1,0,3,1,3,3,3,2,3,3,3,2,1,2,0,2,0,1,2,3
373,2,2,2,2,2,0,0,3,1,0,3,2,3,3,0,0,0,2,1,2,0,1,1,1,1
374,1,2,-1,1,2,0,1,0,0,0,0,0,3,0,3,3,0,1,-2,1,1,0,2,1,3
375,2,2,2,2,0,0,0,3,1,3,3,2,3,0,0,0,0,2,0,2,2,1,1,1,3
376,1,0,1,0,2,2,0,1,1,1,1,2,0,0,1,0,0,1,0,2,0,0,1,2,3
377,0,1,-1,1,0,0,1,0,0,0,0,0,1,0,0,1,0,1,2,1,1,1,1,1,3
378,0,1,-1,1,2,0,0,3,1,3,3,2,3,3,0,3,0,1,0,2,0,0,1,1,3
379,1,1,-2,0,0,1,0,3,0,3,0,0,1,3,3,0,2,1,1,1,1,0,0,1,1
380,1,0,-1,0,0,2,0,2,0,0,0,2,2,3,2,0,0,2,1,1,1,1,1,1,3
381,1,0,2,1,1,0,1,3,1,3,3,0,1,3,3,1,0,1,2,1,1,1,1,1,3
382,1,2,-2,0,0,1,0,1,1,0,0,0,1,0,0,3,0,2,1,2,1,1,0,1,3
383,1,1,2,2,0,2,0,3,1,0,3,2,3,3,0,3,0,2,1,1,1,1,1,1,3
384,1,0,2,0,0,1,0,3,1,0,3,2,3,3,0,0,0,1,1,0,1,0,1,1,3
385,1,1,2,0,0,2,0,3,1,3,3,1,3,0,3,3,0,2,-1,1,1,0,0,1,0
386,2,2,1,1,0,2,0,0,0,0,0,2,0,0,2,0,0,1,-2,0,0,0,1,0,3
387,2,2,2,1,1,0,0,3,1,0,0,2,3,3,3,0,0,1,1,0,1,1,0,1,3
388,0,2,2,2,0,2,0,2,0,0,0,2,3,3,3,3,0,1,-1,1,2,1,1,5,3
389,0,0,-2,1,2,2,1,0,0,0,0,2,3,0,2,0,0,1,1,1,1,1,1,3,0
390,2,2,1,0,0,2,0,2,0,0,0,2,3,0,2,0,2,2,1,0,0,0,1,0,3
391,1,2,1,0,0,1,0,2,0,2,0,2,3,3,3,0,0,1,2,0,0,1,1,0,1
392,2,0,2,2,2,2,0,3,1,3,3,2,0,3,3,3,0,2,1,0,1,1,0,1,0
393,0,1,2,0,0,2,0,3,1,0,3,2,2,3,2,0,1,0,2,0,1,1,1,1,3
394,0,1,1,2,2,2,0,3,1,0,0,2,3,0,2,0,2,2,-1,2,1,1,1,1,3
395,2,2,2,0,0,1,0,0,0,0,0,2,0,0,2,0,0,0,-2,2,2,0,1,7,0
396,0,2,1,1,0,1,0,3,1,0,1,1,1,3,2,0,0,1,1,0,1,1,0,1,0
397,0,0,-2,2,0,2,0,0,0,0,0,2,3,3,0,3,0,2,-2,2,1,1,1,1,1
398,1,0,1,2,0,0,0,3,1,1,1,1,0,0,1,3,0,1,1,0,0,0,1,2,3
399,1,2,0,0,0,1,0,3,1,3,3,1,3,3,3,3,1,2,0,2,0,1,0,2,3
400,0,0,2,2,0,0,0,0,0,0,0,2,3,3,3,0,0,2,0,2,1,0,1,0,0
401,2,0,2,0,0,1,0,2,1,0,0,2,0,1,1,0,2,2,1,2,2,0,1,9,3
402,2,2,1,2,0,2,0,3,1,3,3,1,3,2,3,3,2,1,1,1,1,1,0,4,0
403,0,2,0,0,0,1,0,0,0,0,0,2,3,2,0,0,2,2,1,0,1,0,1,24,0
404,2,2,1,2,2,0,0,2,1,3,3,2,2,3,3,0,2,2,-1,1,0,1,1,0,1
405,0,0,2,2,0,2,0,3,1,3,3,3,3,3,3,0,2,2,1,0,1,1,1,1,3
406,1,2,0,2,0,2,0,2,0,0,0,2,2,0,2,0,0,1,0,2,0,0,1,1,3
407,2,2,1,0,0,2,0,3,1,0,3,2,3,0,0,3,2,2,1,1,1,1,1,1,1
408,2,2,0,0,0,1,0,1,1,3,1,1,3,3,3,3,2,2,1,1,0,0,1,1,1
409,1,0,-2,2,2,2,0,1,1,3,1,2,3,3,2,3,0,1,1,2,1,1,1,1,3
410,2,0,0,0,0,1,0,2,0,3,3,0,3,0,3,0,0,2,4,0,1,0,1,1,1
411,1,2,2,2,0,2,0,2,0,0,0,2,3,3,3,0,2,2,1,0,2,1,1,1,3
412,0,1,-2,1,0,0,0,3,1,3,3,3,3,3,3,0,0,1,1,0,1,1,1,1,3
413,2,0,2,0,0,2,0,3,1,3,3,3,2,3,3,3,0,2,1,0,1,0,1,1,3
414,0,0,0,0,0,1,0,0,0,0,0,2,1,0,0,3,0,1,1,0,0,0,1,0,0
415,1,1,0,1,0,0,1,0,0,0,0,0,1,3,0,1,0,1,2,1,1,1,0,1,3
416,1,2,2,0,2,2,0,0,0,0,0,2,0,2,2,0,2,1,-1,0,0,0,0,1,0
417,0,2,0,0,0,1,0,0,0,0,0,1,0,1,1,0,1,2,4,0,0,0,1,24,3
418,2,2,1,0,0,1,0,0,0,0,0,3,3,3,0,0,1,0,2,0,1,1,2,1,1
419,2,2,1,0,0,1,0,2,0,0,0,0,3,3,3,0,2,0,-1,0,0,0,1,1,3
420,1,0,2,0,0,2,0,3,0,0,0,2,2,3,0,3,2,2,0,2,1,0,1,1,3
421,0,2,-1,1,2,0,0,0,0,0,0,2,3,0,0,3,0,1,-1,2,0,1,0,0,0
422,0,0,-2,2,2,0,0,0,0,0,0,2,3,2,0,0,2,2,-1,0,0,0,1,3,0
423,2,2,0,0,0,1,0,0,0,0,0,1,3,3,3,0,2,0,1,2,1,1,1,0,3
424,2,0,-2,0,0,2,0,2,0,2,0,2,3,3,2,0,0,2,-1,2,1,0,1,1,3
425,0,0,-2,2,0,0,0,3,1,0,0,2,3,3,0,0,0,1,1,0,0,0,1,1,3
426,1,0,0,0,0,1,0,2,0,0,0,2,0,1,2,0,2,0,2,0,0,0,1,1,0
427,1,1,2,0,0,1,0,3,1,0,0,2,1,0,0,0,0,2,2,0,1,1,0,1,3
428,1,0,2,1,0,0,0,3,1,3,3,1,2,2,3,3,0,2,1,1,1,1,1,1,1
429,1,1,2,0,0,2,0,3,1,0,0,2,3,3,0,3,2,1,1,1,2,0,1,1,3
430,2,2,1,2,0,1,0,3,0,3,3,2,3,0,3,3,2,2,1,1,2,0,1,0,0
431,0,1,-2,1,0,2,0,0,0,2,0,2,1,0,2,0,0,1,2,0,1,1,1,8,0
432,0,2,-2,1,0,2,1,0,1,1,3,2,3,3,3,3,0,2,2,1,1,1,1,5,3
433,2,0,1,0,0,1,0,0,0,0,0,2,2,3,2,3,2,2,0,1,1,1,1,1,0
434,1,1,2,0,0,2,0,3,1,0,0,2,3,0,3,0,0,2,1,0,0,1,1,1,3
435,0,1,0,0,0,1,0,0,0,0,0,0,3,3,0,3,2,2,2,2,0,0,1,5,3
436,1,1,-2,1,2,2,1,3,1,0,3,2,3,0,3,1,0,1,1,1,1,1,1,5,3
437,0,2,1,2,0,2,0,2,0,0,0,2,3,3,3,0,0,2,1,1,0,1,1,1,0
438,2,2,1,2,0,0,0,0,0,0,0,0,2,3,0,0,2,2,1,1,2,1,1,25,3
439,2,2,1,0,0,2,0,0,0,0,0,0,2,3,0,0,1,2,1,1,1,0,1,12,1
440,2,2,1,0,0,2,0,2,0,2,0,2,0,1,2,0,1,2,1,0,2,0,1,1,1
441,1,1,-1,2,2,2,0,1,1,3,3,2,2,3,2,0,0,2,0,0,0,0,1,1,3
442,1,1,0,0,0,1,0,2,0,0,0,2,0,3,2,0,2,0,-1,0,0,1,1,16,0
443,1,1,2,2,2,2,0,0,0,0,0,2,2,0,2,0,0,1,0,0,2,0,1,3,0
444,2,2,1,0,0,1,0,2,0,0,3,2,0,1,1,0,2,2,4,0,1,0,1,22,3
445,1,1,0,0,0,1,0,2,0,0,0,2,2,3,2,0,1,0,2,0,1,0,1,1,1
446,0,1,2,0,0,2,0,0,0,0,0,2,2,3,2,0,0,1,4,0,0,0,1,0,3
447,2,0,-2,2,2,0,0,3,1,0,0,2,3,3,0,0,2,2,2,1,1,1,1,2,1
448,1,2,0,2,2,2,0,1,0,2,0,0,3,0,0,0,0,1,-2,1,1,1,0,1,1
449,1,1,0,2,0,0,0,3,0,0,0,2,3,3,0,0,0,1,1,0,1,1,1,1,0
450,2,2,1,2,2,2,0,3,0,3,0,0,3,3,3,1,0,2,1,2,1,1,0,1,3
451,0,2,0,0,0,1,0,2,0,0,0,1,3,3,2,3,0,2,1,2,0,0,1,0,0
452,1,0,-1,1,0,2,0,3,0,0,0,2,3,3,0,0,0,1,-1,0,1,0,1,1,3
453,2,0,-1,2,2,2,0,2,0,0,0,1,2,3,3,0,2,1,2,1,2,1,1,4,0
454,1,0,0,0,0,1,0,0,1,0,0,0,3,0,0,0,1,0,2,0,0,0,1,26,1
455,1,1,1,0,0,1,0,3,1,3,3,3,3,0,0,3,1,0,2,1,1,1,1,1,3
456,1,1,-2,1,0,0,0,3,1,0,3,0,3,3,0,1,0,1,1,1,1,1,1,1,3
457,0,1,0,0,0,1,0,1,1,1,1,3,1,3,0,1,1,2,2,1,1,1,1,5,3
458,1,2,0,0,0,2,0,3,1,2,3,2,2,2,2,0,0,0,2,0,1,1,2,1,3
459,1,2,-1,2,0,0,0,3,0,3,3,2,0,1,3,0,2,1,1,0,0,0,1,1,3
460,1,2,-2,2,0,2,0,3,1,0,0,2,3,0,0,3,0,2,0,2,1,1,2,1,3
461,2,2,2,1,2,0,0,2,0,3,3,2,2,3,3,3,2,1,0,1,0,0,1,16,0
462,0,2,-2,2,0,2,0,0,0,0,0,0,2,3,0,0,2,2,1,1,0,1,1,0,0
463,0,2,1,0,0,2,0,2,0,0,0,2,2,3,2,0,0,2,4,0,0,0,1,0,0
464,1,2,-2,2,0,2,0,2,0,0,0,2,2,3,3,0,0,2,-1,2,2,1,1,1,3
465,1,2,-2,2,0,2,0,2,1,0,0,2,3,0,0,0,0,1,1,0,1,0,0,1,1
466,2,2,0,0,0,1,0,0,0,3,3,3,3,3,3,3,2,2,1,1,1,1,1,15,3
467,1,1,-2,2,2,1,0,2,0,0,0,2,3,2,0,1,0,2,1,2,2,0,1,1,3
468,1,0,-2,1,2,1,0,0,0,0,0,2,1,3,2,0,2,1,-1,2,0,0,1,1,0
469,1,1,0,0,0,1,0,1,1,1,1,2,2,3,3,0,2,2,1,0,0,0,1,1,3
470,1,2,2,2,0,0,0,3,1,0,3,2,3,3,2,0,2,0,1,0,1,1,1,1,3
471,1,0,0,0,0,1,0,1,1,3,1,1,0,1,1,0,1,1,2,0,0,0,1,1,1
472,1,1,1,2,0,0,0,1,1,3,3,2,3,1,3,0,2,1,2,1,1,1,1,2,0
473,0,1,2,2,2,2,0,3,1,3,3,2,3,3,3,3,0,1,2,1,0,1,1,1,3
474,2,0,-2,2,0,2,0,2,1,0,0,1,2,0,3,0,1,1,1,2,0,0,1,6,0
475,0,0,1,2,2,1,0,0,0,0,0,2,3,0,0,0,0,2,-1,2,2,0,1,0,1
476,0,0,-2,2,2,2,0,3,1,0,0,1,3,3,3,0,0,1,1,0,1,1,1,1,3
477,2,0,1,2,0,2,0,0,0,0,0,2,1,0,0,3,0,1,2,1,1,1,1,1,0
478,1,1,-2,2,0,1,0,2,0,0,0,2,2,3,3,0,2,0,1,0,1,1,1,0,3
479,2,2,1,0,0,2,0,0,0,0,0,2,2,3,0,0,0,1,1,0,0,0,1,1,0
480,2,0,2,1,2,0,0,0,1,0,0,0,1,0,2,0,0,1,-2,2,1,1,2,0,0
481,1,0,2,2,0,2,0,3,1,2,3,1,2,0,2,1,0,1,-2,2,0,0,1,1,3
482,0,0,-1,1,1,0,0,0,0,2,0,1,1,0,0,1,0,1,1,2,0,1,1,2,0
483,2,0,2,2,0,2,0,3,1,3,3,2,2,0,2,0,0,2,-1,2,1,1,1,1,3
484,0,0,-1,1,1,2,0,0,0,0,0,0,1,0,0,3,0,1,-2,2,1,1,0,2,3
485,1,1,2,1,0,0,0,2,0,2,0,2,2,2,2,0,0,1,1,2,1,1,1,1,0
486,1,2,1,2,0,2,0,3,1,0,3,2,3,3,2,0,0,2,1,2,2,1,1,2,3
487,2,0,2,0,2,1,0,0,1,0,0,0,1,0,3,0,0,2,1,2,0,0,1,1,3
488,2,0,0,0,0,1,0,1,1,0,1,2,3,3,3,3,0,2,-1,2,0,0,0,1,3
489,1,2,0,0,0,2,0,3,1,0,0,2,3,0,0,3,0,1,1,1,1,1,1,1,3
490,1,2,2,1,0,0,1,3,0,0,0,0,3,0,0,3,0,1,-2,1,1,1,0,1,0
491,1,1,2,0,0,2,0,0,0,3,3,2,2,3,3,3,1,0,1,1,2,1,1,0,3
492,0,2,1,2,2,2,0,0,0,0,0,2,2,0,2,0,0,1,4,0,1,0,0,1,1
493,0,0,2,1,2,2,0,2,0,2,0,2,3,3,3,3,0,2,1,2,2,0,1,0,0
494,0,2,2,0,0,2,0,2,0,2,3,2,0,1,3,0,1,0,1,2,2,0,1,1,0
495,1,1,-2,1,0,0,1,1,1,3,0,0,1,3,0,1,0,1,2,1,1,1,1,1,3
496,1,1,2,2,0,0,0,3,1,2,3,2,2,0,2,0,0,0,2,0,2,1,1,1,3
497,2,2,-2,2,2,2,1,3,0,3,3,2,3,3,3,3,0,2,1,2,0,0,0,2,0
498,1,2,-2,2,0,2,0,1,1,0,3,2,2,3,2,3,0,1,1,0,1,1,0,1,3
499,1,2,1,0,0,1,0,2,0,0,0,2,2,2,2,0,2,2,1,2,0,0,1,1,3
500,1,1,-1,1,0,2,0,3,1,0,3,2,3,0,0,0,0,1,-2,2,2,1,1,1,1
501,1,0,1,2,0,1,0,1,1,3,3,3,3,3,3,3,0,1,1,1,0,0,1,1,0
502,1,0,0,0,0,2,0,2,0,0,0,2,2,0,2,3,0,2,1,2,2,0,1,1,1
503,1,2,1,2,0,2,0,2,0,0,0,2,3,0,2,3,0,2,2,1,2,1,0,1,1
504,1,1,2,2,0,2,1,0,0,0,0,2,1,0,3,3,0,1,1,1,2,1,0,1,3
505,1,1,-2,1,0,2,0,1,1,1,1,1,3,3,3,0,0,1,1,0,1,1,0,1,0
506,2,0,2,0,0,2,0,0,1,0,0,2,2,3,3,0,0,2,0,2,1,1,1,2,3
507,1,0,1,2,0,2,0,0,0,0,0,2,1,3,2,3,0,2,0,2,0,0,0,1,0
508,1,1,1,0,0,1,0,0,0,0,0,2,0,3,3,0,2,0,-1,0,0,0,1,9,3
509,1,1,2,1,0,1,0,1,0,0,0,2,3,3,3,3,0,2,2,0,1,1,1,1,3
510,1,1,2,0,2,1,0,3,1,0,3,1,3,0,0,3,0,2,1,2,1,1,0,1,0
511,2,2,2,2,0,2,1,2,0,2,3,2,2,2,2,0,2,2,4,2,0,0,0,1,0
512,2,0,0,1,0,2,0,2,0,0,0,2,3,3,2,0,0,1,2,0,0,0,1,4,0
513,1,1,2,2,0,2,0,3,0,0,0,2,3,2,0,3,0,2,2,1,1,0,1,1,0
514,1,1,1,2,0,2,0,3,1,3,3,2,3,3,0,3,0,1,2,1,1,1,1,1,1
515,2,0,1,0,0,1,0,2,0,0,0,2,0,1,2,0,1,2,1,0,0,0,1,1,1
516,2,2,2,0,0,1,0,3,1,2,3,1,0,3,3,0,0,2,-1,0,2,0,1,1,1
517,1,0,-1,2,0,0,1,2,0,0,0,3,3,0,3,3,0,1,-2,1,1,1,1,0,3
518,1,2,2,2,0,0,0,2,0,3,3,2,2,3,0,3,0,1,1,1,1,0,1,18,3
519,2,0,-1,2,2,0,1,0,1,0,3,0,3,2,0,3,1,1,4,1,2,0,0,7,1
520,2,0,-1,2,2,0,0,0,0,0,0,2,3,3,3,3,2,1,4,1,1,0,0,2,0
521,0,0,-2,2,0,2,0,2,0,0,0,0,3,0,0,0,0,1,1,2,1,1,1,1,3
522,0,0,2,2,0,2,0,2,0,2,0,2,2,2,3,3,0,2,0,1,2,0,1,4,0
523,0,0,1,0,0,0,0,0,0,0,0,3,2,0,2,0,2,0,-1,2,0,0,1,7,3
524,0,0,1,1,0,2,1,1,1,1,1,0,3,3,3,3,2,1,-1,1,0,0,1,27,0
525,0,0,-2,2,0,2,0,2,0,2,0,2,2,0,2,0,0,1,-2,0,2,0,1,9,0
526,2,0,-2,1,2,2,0,3,1,0,3,2,3,3,0,3,2,1,-1,2,2,1,1,1,3
527,2,2,2,2,0,2,0,2,0,0,0,2,3,2,2,0,0,1,1,0,0,0,1,1,1
528,1,2,-1,1,0,0,0,0,0,0,3,0,3,0,0,3,0,1,-2,2,0,0,0,1,0
529,1,1,2,0,0,1,0,1,1,1,1,3,2,1,1,3,1,0,2,0,1,1,1,1,1
530,0,1,-1,1,0,0,0,2,0,0,0,2,2,0,0,0,2,1,-2,2,2,0,1,0,0
531,0,0,-2,0,0,0,0,2,0,0,3,2,3,0,0,0,2,1,1,1,1,1,1,0,0
532,1,1,0,0,0,1,0,3,0,0,3,2,1,3,0,3,0,0,-1,1,1,1,0,1,1
533,1,1,1,0,0,1,0,0,0,0,0,0,1,3,0,3,0,1,0,2,0,1,1,28,0
534,0,0,2,1,1,2,0,0,0,0,0,0,1,0,0,0,0,2,1,2,1,1,1,1,1
535,2,2,-2,2,0,0,0,0,0,0,0,2,2,2,2,0,0,0,1,2,1,0,1,1,3
536,2,0,-2,2,2,0,0,3,1,0,3,2,1,0,0,0,0,1,-1,2,1,1,1,1,3
537,0,1,-2,1,0,2,1,0,0,0,0,2,3,3,0,3,0,1,0,1,1,1,0,1,3
538,1,1,2,0,0,1,0,3,1,3,3,3,3,3,3,0,0,2,-1,0,1,1,1,1,0
539,0,1,-2,0,0,2,0,3,1,2,3,2,3,3,2,3,2,2,-1,2,2,0,1,2,1
540,2,2,2,0,0,2,0,3,1,3,3,2,3,3,2,0,0,2,0,0,1,1,1,0,0
541,2,2,2,0,0,1,0,2,1,0,0,0,3,0,0,3,0,1,2,1,0,1,1,1,1
542,0,2,1,0,0,1,0,2,0,2,0,2,2,3,2,0,2,0,1,0,2,0,1,9,1
543,1,2,1,0,0,2,0,2,0,0,0,2,2,3,2,0,2,0,2,1,2,0,1,0,3
544,1,1,1,0,0,1,0,3,0,0,0,2,2,0,0,1,1,1,1,1,0,0,1,2,1
545,2,2,0,0,0,1,0,0,0,0,0,2,3,3,0,0,2,2,2,0,1,1,0,1,3
546,1,1,0,0,0,2,0,1,1,0,0,2,3,3,0,3,2,0,2,0,1,1,0,1,3
547,1,1,-2,2,0,2,0,3,1,0,0,2,3,0,3,3,0,1,1,1,1,1,0,1,1
548,1,2,0,0,0,0,0,1,1,3,1,1,0,3,3,0,2,2,1,0,1,0,1,1,3
549,0,2,-1,1,1,0,1,0,0,0,0,2,1,0,0,1,0,1,-1,1,1,1,2,0,0
550,0,0,0,0,0,1,0,0,0,0,0,2,3,3,1,0,1,2,0,0,0,0,1,12,1
551,1,0,1,2,0,0,1,0,0,0,0,2,1,0,0,0,0,1,1,1,1,0,1,1,1
552,0,0,0,0,0,1,0,2,0,0,0,2,0,3,3,0,2,2,4,0,2,0,0,5,3
553,1,1,1,2,0,0,0,3,1,3,3,3,1,3,0,3,0,1,1,1,1,1,1,1,0
554,2,2,2,0,0,1,0,3,1,0,0,2,3,3,2,0,1,0,2,2,0,1,1,0,0
555,2,0,2,2,2,2,0,2,0,0,0,2,2,3,3,0,2,2,1,2,2,0,1,1,3
556,1,2,-1,2,2,0,0,3,1,0,0,3,3,3,0,1,0,1,1,1,2,1,0,1,3
557,1,1,0,0,0,1,0,0,0,0,0,2,3,3,3,0,1,0,1,1,0,0,1,2,3
558,2,0,-2,0,0,1,0,3,1,0,3,1,3,3,3,0,0,1,1,1,2,1,0,1,3
559,1,1,2,2,2,2,0,1,0,0,0,2,2,1,2,0,2,2,-1,0,2,0,1,1,3
560,2,2,1,2,2,1,0,2,0,0,0,2,3,2,3,3,2,2,2,2,0,0,1,27,3
561,0,2,-2,2,0,0,0,3,1,3,3,3,2,3,3,0,0,2,-1,0,1,0,1,1,3
562,0,2,0,0,0,1,0,3,1,3,3,1,2,3,3,0,0,0,2,0,0,1,2,0,0
563,1,1,2,1,0,2,0,1,1,0,0,2,1,0,0,0,0,1,0,2,1,1,1,1,3
564,1,1,0,2,0,2,1,3,1,3,3,1,3,3,3,3,0,0,2,1,1,1,1,1,3
565,1,1,1,2,2,2,1,0,0,0,0,0,3,0,0,1,1,2,1,1,1,0,1,1,1
566,1,2,2,2,0,0,0,3,1,3,3,3,2,0,0,3,0,1,-1,2,1,1,0,1,0
567,2,2,1,2,2,1,0,3,0,0,0,2,3,3,3,0,0,1,-1,0,2,1,0,1,3
568,1,1,0,0,0,0,1,1,1,1,1,3,3,0,0,0,0,2,1,1,1,1,0,1,1
569,1,1,1,1,2,0,0,2,0,0,0,2,3,3,3,0,0,1,4,2,1,1,0,1,0
570,0,0,2,0,0,1,0,2,0,0,0,2,0,3,2,0,2,0,1,0,2,0,1,1,3
571,1,0,-2,2,2,1,0,2,0,0,0,2,2,3,2,0,0,2,2,0,0,0,1,1,3
572,2,0,-2,1,2,1,0,3,1,0,0,2,1,0,3,3,0,1,-2,1,1,1,0,1,3
573,1,1,1,0,0,2,0,1,1,0,0,1,3,3,0,0,2,0,2,1,1,1,1,2,1
574,1,0,-2,2,0,0,0,2,0,0,0,2,2,3,0,0,0,2,-2,0,2,0,1,1,3
575,2,0,1,2,0,0,0,2,0,0,0,2,3,0,0,3,0,2,-2,2,0,0,1,1,3
576,1,1,2,2,2,1,0,3,0,2,0,2,3,0,2,3,0,1,-1,1,1,1,0,1,1
577,2,2,0,0,0,1,0,3,0,0,0,2,2,0,3,3,0,2,1,0,0,0,1,5,1
578,1,2,2,2,0,2,1,3,1,0,0,2,2,0,2,3,0,2,2,2,1,1,1,1,1
579,1,1,1,2,0,2,0,3,1,3,3,1,2,0,3,0,0,1,1,1,0,1,1,1,3
580,2,0,1,2,2,0,0,3,1,3,3,1,1,3,3,3,0,1,4,1,0,0,0,1,0
581,0,0,2,1,2,2,0,0,0,0,0,0,1,0,0,0,0,1,1,1,0,0,1,5,3
582,1,1,1,2,0,2,1,1,1,1,3,1,3,3,3,3,0,1,1,2,1,1,1,1,1
583,1,0,2,2,2,2,0,0,0,0,0,2,2,3,0,0,0,1,1,2,2,0,1,1,3
584,1,2,-1,1,1,0,1,2,0,0,0,2,3,0,0,3,0,1,1,2,1,1,1,1,3
585,1,0,-2,2,2,0,1,3,1,0,0,3,1,3,0,0,0,1,2,1,1,1,1,1,1
586,0,2,2,2,0,2,0,3,1,2,3,3,3,3,0,0,0,1,1,1,1,1,0,2,3
587,1,2,1,2,0,2,0,1,0,0,0,2,0,3,2,0,0,2,1,0,0,0,1,3,3
588,2,0,2,2,0,2,0,2,0,0,0,2,2,3,2,0,2,0,1,0,1,0,1,0,0
589,2,2,2,2,2,1,0,2,0,2,0,2,2,3,2,0,2,2,1,0,0,0,1,0,0
590,2,2,0,0,0,2,0,0,0,0,0,2,0,1,3,0,2,0,1,0,1,0,1,27,1
591,1,0,-1,2,0,0,0,0,1,0,0,2,0,1,1,0,0,1,1,2,1,0,0,0,0
592,0,0,2,1,2,2,0,0,0,0,0,2,1,0,2,3,2,1,4,2,2,0,1,0,0
593,1,2,2,2,0,2,0,2,0,0,0,2,3,2,3,0,2,2,1,2,1,1,1,1,1
594,1,1,-1,2,0,0,0,3,1,0,0,2,1,0,0,0,0,1,1,0,1,1,1,1,3
595,2,0,0,0,0,1,0,2,0,2,0,2,3,3,3,0,2,0,1,2,2,0,1,1,1
596,2,2,2,0,0,2,0,2,1,0,0,2,2,3,3,0,0,1,4,0,0,0,1,1,3
597,2,0,2,2,0,0,0,2,0,0,0,2,2,0,3,0,2,1,2,0,1,1,0,6,0
598,1,2,1,0,0,2,0,1,1,1,1,3,0,1,1,0,2,2,1,0,1,1,0,1,3
599,1,1,1,0,0,1,0,3,1,1,3,2,3,3,3,0,2,0,1,0,1,0,1,1,3
600,1,0,-2,0,0,1,0,1,1,0,0,1,0,1,1,0,2,2,1,0,0,0,1,1,3
601,1,1,2,0,0,2,0,1,1,3,3,1,0,1,3,0,2,2,2,0,2,0,1,1,3
602,2,0,2,0,0,0,0,2,0,0,0,2,3,0,0,0,0,1,1,0,0,1,1,1,3
603,2,2,1,0,0,2,0,2,0,2,0,2,2,3,2,0,0,2,1,2,2,0,1,1,3
604,1,2,-1,1,2,1,1,1,1,3,3,2,3,3,1,3,2,1,4,1,1,0,1,1,3
605,0,0,-1,1,1,0,0,0,0,2,0,2,1,0,0,0,0,1,0,1,2,0,1,29,0
606,1,0,-1,0,0,2,0,1,1,3,3,1,3,3,3,0,0,1,-2,2,0,0,1,1,3
607,1,1,1,0,0,0,0,1,1,3,0,2,3,3,0,0,1,2,2,2,1,1,1,1,3
608,1,1,1,1,2,0,1,1,1,3,3,1,0,1,3,0,0,1,2,1,2,1,0,1,1
609,0,2,2,2,0,2,0,0,0,2,0,2,2,3,3,0,2,2,1,2,1,0,1,23,3
610,2,2,-1,1,0,2,0,0,0,0,0,2,3,3,3,0,0,0,1,0,1,1,0,1,3
611,1,1,2,0,0,1,0,0,0,0,0,2,3,0,0,3,0,1,1,1,0,0,1,1,0
612,1,2,2,2,0,1,0,0,0,0,0,0,3,0,0,3,0,1,1,1,1,0,1,2,3
613,0,2,-2,1,0,2,0,3,1,0,0,2,1,0,2,3,2,1,1,1,0,1,1,1,3
614,2,2,-2,2,0,2,0,0,0,0,0,0,3,0,0,0,0,1,1,0,2,1,1,2,3
615,1,0,0,2,0,2,0,3,0,0,3,2,3,0,0,3,0,1,1,2,1,1,1,1,3
616,1,2,1,2,0,1,0,2,0,0,0,2,2,3,2,0,2,2,1,0,1,1,1,1,3
617,1,2,-1,1,0,0,1,2,0,2,0,2,2,2,2,0,0,1,0,1,2,1,0,2,3
618,2,2,0,0,0,1,0,0,0,0,0,2,2,2,2,0,2,0,0,0,0,0,1,2,3
619,2,0,0,0,0,1,0,2,0,0,0,2,0,3,2,0,2,2,1,2,0,0,1,1,3
620,2,0,1,2,0,2,0,2,0,0,3,2,2,3,3,0,0,2,2,2,0,0,1,2,3
621,2,2,2,2,0,2,0,0,0,0,0,2,3,3,0,0,0,2,1,0,1,0,0,1,3
622,0,2,1,0,0,0,0,0,1,0,0,2,2,3,3,0,2,2,-1,1,1,1,1,1,0
623,2,2,0,0,0,1,0,2,0,0,0,2,2,2,2,0,0,1,-1,0,2,0,1,1,3
624,2,0,0,0,0,2,0,2,0,2,0,2,3,0,0,3,0,2,-2,0,1,1,1,1,0
625,0,0,0,0,0,1,0,0,0,0,0,2,2,3,2,0,2,2,1,0,0,0,1,1,1
626,2,2,-2,1,2,0,1,3,1,3,3,1,0,3,3,0,0,1,0,1,0,0,1,1,1
627,0,2,0,0,0,1,0,2,0,2,0,3,3,3,3,3,0,0,1,0,1,1,0,1,3
628,2,0,-1,1,0,0,0,0,0,0,0,0,1,0,0,0,0,1,-2,1,1,1,1,0,0
629,1,1,1,1,2,0,0,1,1,0,3,1,0,1,1,0,0,1,1,0,1,1,0,1,3
630,2,0,-1,1,2,0,1,3,1,3,3,3,3,3,3,3,0,2,-1,1,2,1,1,1,1
631,2,2,1,2,0,2,0,0,0,0,0,2,1,3,0,1,0,1,2,1,0,1,0,3,1
632,0,0,2,0,0,2,0,0,0,0,0,1,2,1,1,0,0,1,1,0,0,0,1,1,1
633,1,1,1,2,0,2,0,3,1,3,3,2,3,3,2,0,0,2,1,0,2,0,0,1,0
634,0,1,1,0,0,1,0,0,0,0,0,2,2,3,0,0,0,2,0,1,2,0,0,30,1
635,1,1,0,1,0,0,0,3,1,3,0,0,1,0,0,0,0,1,-1,1,1,1,1,1,3
636,2,0,-2,2,2,0,0,3,1,3,3,3,3,3,3,3,2,2,-1,1,1,1,1,1,3
637,2,0,1,0,0,1,0,0,0,0,0,2,3,0,0,0,1,0,1,0,0,0,1,1,3
638,2,2,2,2,0,1,0,3,0,0,3,0,3,3,3,0,2,1,1,0,0,0,1,6,3
639,2,2,1,0,0,1,0,0,0,0,0,0,1,0,0,1,1,1,1,1,0,1,1,1,3
640,2,0,2,0,0,2,0,3,0,0,0,2,3,3,3,3,2,1,1,2,2,0,1,1,3
641,0,0,0,0,0,2,0,0,0,0,0,0,0,3,2,0,1,0,0,0,1,0,1,31,3
642,0,0,2,2,0,0,0,0,0,0,0,2,2,0,3,3,2,1,0,2,1,0,1,15,0
643,1,1,-2,1,2,0,0,3,0,0,0,2,1,3,0,3,2,1,0,2,2,1,1,1,0
644,0,1,2,2,0,2,0,0,0,0,0,2,2,3,2,0,0,1,-1,2,0,0,1,18,3
645,2,0,-2,2,0,2,0,0,1,0,0,2,2,0,0,0,0,0,-2,2,0,0,1,1,0
646,2,0,2,0,0,1,1,3,1,3,3,2,3,0,2,3,0,1,-1,0,1,0,0,1,1
647,0,0,-1,1,2,0,0,0,0,0,0,2,1,0,2,0,0,1,0,2,0,0,1,24,0
648,1,1,-2,2,0,0,0,1,1,0,0,1,1,3,0,1,0,1,1,1,2,1,0,3,0
649,0,1,1,2,0,1,0,1,1,0,3,2,0,1,1,0,0,2,1,0,1,1,1,1,3
650,0,1,1,0,0,2,0,0,0,0,0,2,3,0,0,0,0,2,1,0,1,1,1,2,0
651,0,2,0,0,0,1,0,0,1,0,0,3,3,3,3,3,0,0,2,0,1,1,1,5,3
652,0,2,0,0,0,2,0,3,0,0,0,2,2,3,3,0,0,2,1,2,0,0,1,6,1
653,2,0,0,0,0,1,0,2,0,0,0,2,2,3,2,0,1,2,-1,0,0,0,1,6,3
654,2,2,0,0,0,1,0,2,0,2,0,2,2,1,2,0,1,2,1,0,0,0,1,0,3
655,2,2,2,0,0,2,0,3,0,0,3,2,2,3,3,0,2,2,0,0,2,0,0,3,0
656,2,0,0,0,0,2,0,2,0,0,0,2,2,2,2,0,0,2,-2,0,1,0,1,1,3
657,0,1,1,2,0,2,0,3,1,3,3,1,3,3,3,0,2,2,2,1,1,1,2,1,1
658,1,1,0,2,0,0,0,3,1,3,3,3,3,0,3,3,2,2,1,0,1,0,1,3,3
659,1,2,-2,2,0,2,0,2,0,3,0,2,3,3,2,0,0,2,4,0,0,0,0,1,3
660,1,2,1,0,0,2,1,3,1,3,3,3,0,3,3,0,0,2,2,2,0,0,1,1,0
661,0,2,1,0,0,1,0,0,0,0,0,2,3,3,3,0,0,2,1,0,0,0,1,32,0
662,2,2,0,0,0,1,0,2,0,0,0,2,3,3,0,3,2,2,4,0,0,0,1,23,1
663,2,2,2,2,0,2,0,2,0,0,3,1,2,3,3,0,0,2,1,0,1,1,1,1,0
664,0,2,-2,0,0,1,0,3,1,0,0,2,3,0,0,0,2,0,0,0,1,1,0,0,1
665,1,0,1,2,0,2,0,0,1,0,0,2,1,0,2,0,0,1,-1,2,1,0,1,1,1
666,0,0,0,0,0,1,0,0,0,0,0,0,1,0,0,0,0,1,-2,0,2,0,0,0,1
667,1,0,-2,2,0,2,0,2,0,0,0,2,2,3,2,0,2,0,-1,0,1,0,1,1,1
668,1,1,1,2,0,1,0,1,1,3,1,1,3,3,3,3,0,1,2,1,1,1,1,1,3
669,2,2,1,0,0,1,0,3,1,3,3,3,0,3,3,0,1,0,2,0,1,1,1,33,3
670,1,2,2,1,2,0,1,3,1,0,3,2,3,3,2,3,0,1,1,2,1,1,0,1,3
671,2,2,-2,2,0,2,0,2,0,0,0,2,2,3,2,0,0,2,-2,0,1,1,1,1,0
672,2,0,2,0,0,2,0,2,0,0,0,2,2,3,2,0,2,2,4,0,0,0,1,1,3
673,1,1,0,0,0,2,0,2,0,0,0,2,2,0,2,0,2,2,1,0,1,1,1,1,0
674,0,0,2,1,0,2,0,3,1,0,3,1,1,3,3,3,2,1,2,2,0,1,1,34,0
675,2,2,-2,2,0,2,0,2,0,0,0,2,3,0,2,0,0,1,1,2,1,0,1,35,0
676,1,0,2,2,2,2,0,2,0,3,3,2,3,0,2,0,0,1,4,0,2,0,1,1,0
677,1,2,2,2,0,2,0,0,0,0,0,2,2,3,3,0,0,2,1,0,0,0,1,1,3
678,1,2,0,0,0,2,0,1,1,0,0,1,0,1,3,0,0,2,1,1,0,0,1,1,0
679,2,0,1,0,0,0,0,2,0,0,0,3,3,2,0,0,0,2,1,1,0,0,1,1,3
680,1,2,0,0,0,0,0,1,1,0,0,2,3,0,0,0,0,0,2,0,0,0,1,1,1
681,1,0,2,2,0,2,0,2,0,0,0,2,2,3,2,0,0,1,-1,0,0,0,1,1,1
682,0,1,1,2,0,2,0,1,1,1,1,1,1,0,3,3,0,1,1,1,1,1,1,1,3
683,1,1,-2,0,0,1,0,1,1,0,0,1,0,3,3,3,0,1,2,0,1,1,1,1,3
684,1,2,2,2,2,2,0,3,1,3,3,2,3,3,3,0,1,2,0,1,1,1,1,1,3
685,0,2,0,0,0,0,0,0,0,0,0,2,3,3,3,3,1,2,1,0,1,1,1,0,3
686,1,1,2,1,2,2,1,2,1,0,0,2,1,3,2,3,0,1,1,2,2,0,0,1,0
687,1,2,0,2,0,0,0,3,0,0,3,1,3,3,0,0,2,2,1,0,0,1,1,18,3
688,1,1,1,0,0,1,1,1,1,0,0,2,1,0,0,0,0,0,2,1,1,1,1,1,3
689,0,1,2,1,0,2,1,0,0,0,0,2,3,0,3,3,0,1,1,1,2,1,1,0,0
690,1,0,-1,2,0,0,0,0,1,0,0,2,2,3,0,3,2,1,1,2,1,1,1,1,3
691,0,0,0,0,0,1,0,0,0,0,0,3,3,3,3,3,2,2,-1,1,2,0,1,0,1
692,2,2,-1,1,0,2,0,2,0,0,0,2,1,0,2,0,0,1,-2,1,1,1,1,1,3
693,1,1,-1,1,1,0,0,1,1,0,1,1,0,1,1,0,0,1,1,2,0,1,1,1,3
694,2,2,2,2,0,2,1,3,1,0,0,2,1,3,2,0,0,1,2,1,2,0,1,1,3
695,2,2,1,2,2,0,0,3,1,0,0,2,3,3,2,0,2,2,1,0,1,0,1,1,3
696,2,2,2,1,0,2,0,0,0,0,0,2,3,3,2,0,2,2,-2,0,1,0,1,1,0
697,2,0,2,2,0,2,0,2,0,0,0,2,2,3,3,0,2,0,1,0,2,0,1,1,0
698,1,1,2,0,0,1,0,1,1,3,1,1,0,1,3,0,2,0,2,0,0,0,1,1,1
699,0,1,2,1,0,0,1,0,0,0,0,0,1,0,0,3,0,1,-2,1,0,1,1,23,1
700,2,0,2,2,0,1,0,3,1,0,0,2,3,3,3,3,0,1,2,1,1,1,0,1,3
701,1,2,-2,0,0,1,0,3,1,0,0,2,3,0,0,1,2,2,4,1,1,0,1,1,3
702,1,1,2,2,0,0,0,0,1,0,0,2,1,3,0,0,2,2,1,2,0,0,1,1,1
703,1,0,2,0,0,1,0,1,1,1,1,2,2,1,2,0,0,1,1,0,0,0,1,1,3
704,0,2,0,0,0,1,0,2,0,0,0,2,2,3,3,3,1,0,0,0,2,0,1,1,0
705,1,0,2,2,0,2,0,1,1,2,3,2,2,3,3,0,0,2,1,2,2,0,1,1,1
706,2,0,-2,2,0,0,0,3,1,3,3,1,3,3,3,3,0,1,1,2,1,0,1,1,0
707,1,2,0,0,0,1,0,1,1,3,3,2,2,1,2,3,1,2,2,1,1,1,1,1,1
708,1,0,1,2,0,2,0,3,0,0,3,2,2,0,3,3,1,2,2,2,1,0,1,7,0
709,0,0,1,0,2,2,0,0,0,0,0,2,2,3,0,0,1,2,-1,0,1,1,1,4,0
710,0,0,1,0,0,2,0,2,0,2,0,2,0,2,2,0,2,2,1,0,0,0,1,1,1
711,1,0,-2,1,2,0,0,2,0,0,0,2,3,0,0,0,0,1,-1,0,0,0,1,1,0
712,1,2,1,2,0,1,1,2,0,0,0,2,3,0,3,0,0,1,2,0,0,1,1,9,3
713,1,1,0,2,2,2,0,1,1,0,3,1,3,0,3,3,0,2,1,2,0,1,2,1,3
714,1,1,2,0,0,0,0,3,1,0,3,2,3,3,3,0,0,2,-1,1,2,1,1,1,3
715,2,2,1,0,0,2,0,2,0,2,0,2,2,1,2,0,0,2,1,1,2,0,1,1,3
716,2,2,1,0,0,1,0,3,1,0,0,0,3,1,2,3,1,0,2,1,0,1,0,9,0
717,0,2,2,2,2,2,0,0,0,0,0,2,3,2,3,3,0,1,0,0,1,0,0,1,0
718,2,2,1,0,0,2,0,1,1,0,1,1,2,3,3,0,2,2,1,0,0,0,1,3,3
719,1,1,1,2,0,2,0,0,1,3,0,2,3,3,3,0,0,2,-1,0,2,0,0,0,3
720,1,1,2,2,0,0,0,1,1,0,1,1,2,2,2,0,0,1,1,1,1,1,0,1,0
721,2,2,0,0,0,2,0,2,0,0,0,2,3,0,0,0,2,2,1,1,1,0,1,9,3
722,1,1,1,2,0,2,0,1,1,0,0,2,2,2,0,0,2,2,2,0,1,1,1,1,3
723,1,1,2,2,2,1,0,2,0,0,0,2,3,0,0,3,1,2,2,1,0,0,0,0,3
724,2,0,-2,1,2,2,0,0,0,0,0,2,1,0,2,0,0,1,-1,0,0,0,1,0,3
725,0,0,-1,1,2,0,1,3,1,3,3,3,2,3,3,3,2,1,-1,1,1,1,1,1,0
726,1,1,0,0,0,1,0,2,0,2,0,2,2,3,2,0,2,2,1,0,0,0,1,1,1
727,1,1,0,0,0,1,1,3,1,3,3,1,0,3,3,3,2,0,4,1,0,0,0,9,3
728,1,1,0,0,0,1,0,2,0,0,3,3,3,3,3,3,2,2,2,0,0,0,1,4,0
729,2,2,2,2,0,0,0,3,1,3,3,1,3,3,3,0,0,2,1,0,0,0,1,1,3
730,0,0,2,2,0,0,0,0,1,0,0,2,3,0,0,3,0,2,1,2,2,0,1,10,3
731,1,1,0,0,0,1,0,1,1,1,3,0,0,3,3,3,0,0,0,1,1,0,1,0,3
732,2,2,-1,0,0,1,0,0,0,0,0,2,1,0,0,3,0,1,1,1,1,0,1,0,1
733,1,0,1,2,0,1,0,2,0,0,0,2,2,2,2,0,2,1,-2,0,0,0,0,0,0
734,0,0,-2,2,2,2,0,0,0,0,0,2,3,0,0,3,0,1,1,1,2,1,0,0,3
735,1,1,2,1,0,2,0,1,1,2,0,2,2,0,2,0,2,1,4,1,0,0,0,1,3
736,0,1,-1,1,0,0,1,3,0,0,0,2,1,3,0,3,0,1,-2,1,1,1,1,27,0
737,1,2,1,2,0,2,0,3,1,3,3,3,0,3,3,0,0,2,1,1,0,0,1,1,1
738,0,2,2,2,2,2,0,2,0,0,0,2,3,3,2,0,0,1,2,2,1,1,0,5,3
739,1,2,-1,1,2,0,0,3,1,3,3,2,1,0,2,3,0,1,-1,1,1,1,1,1,1
740,2,2,1,2,0,2,0,2,0,0,0,2,3,3,2,0,2,2,1,0,1,0,1,1,3
741,2,0,2,2,2,2,0,2,0,0,0,2,2,3,3,0,0,2,2,0,1,1,1,1,3
742,0,0,2,1,2,0,0,0,0,0,0,0,1,0,0,3,0,1,1,1,0,0,1,24,3
743,0,0,-1,2,0,2,0,3,1,0,0,3,3,3,3,0,0,2,1,2,1,0,1,9,0
744,2,0,-2,1,0,0,0,2,0,0,0,2,2,3,3,0,0,1,1,0,1,1,1,0,0
745,2,2,0,0,0,1,0,2,0,0,0,2,3,0,0,3,2,1,-1,1,1,0,1,32,0
746,0,0,2,2,2,1,0,2,0,0,0,2,2,0,2,0,0,2,2,0,2,1,1,3,3
747,1,2,2,2,0,0,0,3,0,0,0,2,3,0,2,0,2,0,1,0,0,0,1,0,3
748,1,2,1,2,2,1,0,3,1,0,0,2,3,2,2,1,0,2,1,2,1,1,1,5,3
749,0,2,1,0,0,1,0,3,1,3,3,2,2,0,3,3,0,1,4,1,1,0,0,5,1
750,1,2,-2,2,2,0,0,3,0,0,0,3,1,3,0,1,0,1,1,2,0,1,1,1,3
751,0,2,-2,1,0,0,0,0,0,0,0,2,1,0,0,0,0,1,1,0,1,1,1,5,3
752,0,2,2,2,0,0,0,0,0,0,0,2,2,0,0,0,0,2,1,0,0,0,1,0,0
753,0,2,-2,2,0,2,0,3,1,0,3,1,1,3,0,0,0,1,1,1,1,1,2,15,0
754,2,2,1,0,0,1,0,2,0,0,0,1,2,3,3,0,0,2,1,0,0,0,1,3,3
755,0,0,0,2,0,1,0,0,1,0,0,2,3,3,2,0,0,1,1,0,0,1,1,5,3
756,1,2,-2,1,1,0,0,3,1,3,3,3,1,0,0,3,0,1,1,1,1,0,1,1,3
757,1,2,0,0,0,2,0,2,0,0,0,2,3,3,2,0,2,2,1,1,2,1,1,5,3
758,0,2,2,2,0,1,0,0,0,0,0,2,0,3,1,0,1,1,0,1,0,0,1,23,3
759,1,1,-1,1,1,0,0,3,1,0,3,3,3,3,0,0,0,1,2,0,0,1,1,2,3
760,2,2,2,0,0,1,0,3,1,2,3,0,2,3,3,0,0,2,1,2,1,1,1,1,0
761,1,0,-1,1,2,0,0,1,1,3,3,2,1,0,0,0,0,1,1,0,2,0,1,1,3
762,0,2,2,1,2,2,0,1,1,3,3,1,3,3,3,1,0,1,-1,1,1,0,1,1,3
763,1,1,2,2,0,0,0,0,0,0,0,0,3,3,0,3,0,2,0,0,0,1,1,27,1
764,0,1,1,0,0,1,0,0,0,0,0,2,3,3,3,0,2,2,1,2,2,0,1,15,3
765,0,1,1,2,0,0,1,0,1,0,0,2,3,3,0,0,0,1,1,1,1,1,1,5,3
766,1,0,-1,2,0,2,0,1,1,3,3,2,3,0,2,0,0,1,1,2,1,1,1,1,3
767,0,0,-2,2,1,0,0,0,0,3,0,0,0,0,3,0,2,1,-1,0,1,1,1,7,1
768,1,1,1,2,0,1,0,1,1,0,0,3,1,0,0,3,0,1,1,1,1,1,0,1,3
769,0,1,2,1,2,0,0,0,0,0,0,2,2,2,2,0,0,1,-2,1,2,0,0,23,3
770,2,0,1,2,2,0,0,2,1,1,1,1,3,1,3,0,2,0,2,0,1,0,0,1,3
771,0,0,0,0,0,1,0,3,1,0,3,2,3,3,2,0,0,0,2,0,1,1,0,1,1
772,1,1,-1,1,2,0,0,1,1,0,3,2,3,0,3,0,0,1,1,0,2,1,0,1,3
773,1,2,-1,1,1,0,1,0,1,0,0,3,3,3,0,3,0,1,1,2,1,1,0,1,3
774,1,2,1,0,0,0,0,3,1,0,3,1,3,3,0,3,2,1,1,1,1,1,1,1,3
775,0,2,2,2,2,2,0,0,0,3,3,2,3,3,3,3,0,1,0,1,1,1,1,5,3
776,1,2,2,2,0,2,0,2,0,0,0,2,3,0,3,3,0,2,1,2,2,1,1,0,3
777,0,0,-2,1,0,1,0,3,0,0,0,2,3,1,3,3,0,2,1,0,1,0,1,0,3
778,2,2,2,2,2,2,0,3,0,0,0,2,3,0,3,0,0,1,1,2,2,1,1,9,3
779,1,2,2,1,2,1,0,1,1,3,1,1,3,3,1,0,0,1,0,0,1,1,1,1,0
780,2,2,0,0,0,1,0,2,0,2,3,2,3,3,0,0,0,0,4,0,0,0,0,0,0
781,1,2,-1,1,1,2,0,0,0,2,0,2,1,0,2,0,0,1,-1,2,1,1,1,1,3
782,0,2,-2,0,0,2,0,2,0,0,0,2,0,0,2,3,0,1,4,2,0,0,1,2,0
783,1,2,1,2,0,2,0,2,0,0,0,2,2,2,2,0,0,2,0,2,2,1,1,2,1
784,0,2,0,0,0,1,0,2,0,0,0,2,0,1,1,0,2,2,1,0,0,0,0,1,3
785,0,2,-2,2,0,2,0,0,0,0,0,2,3,0,0,0,0,1,-2,0,2,0,1,36,0
786,0,0,-1,2,0,2,0,2,0,0,0,2,3,3,2,0,2,2,2,1,0,0,1,0,3
787,0,0,1,1,1,1,0,2,0,0,0,2,2,3,0,0,0,1,-1,2,0,0,1,3,0
788,2,0,1,0,0,2,0,0,1,0,0,2,3,3,0,0,1,2,4,0,0,0,1,1,3
789,2,1,2,2,0,0,0,2,0,0,0,2,3,0,0,0,2,2,1,2,1,1,1,1,3
790,0,1,2,2,0,2,0,0,0,0,0,2,0,1,2,0,0,0,1,0,2,1,1,9,3
791,0,0,-2,1,2,0,1,0,0,0,0,1,1,2,2,3,2,2,-1,1,0,0,0,1,3
792,2,2,0,2,0,1,0,0,0,0,0,2,3,0,2,0,2,2,2,0,1,1,1,4,3
793,0,1,2,1,2,0,1,0,1,0,0,3,3,0,3,0,0,1,1,1,1,1,1,1,3
794,1,1,0,0,2,0,1,3,1,1,1,1,3,1,0,3,0,2,1,0,1,1,1,1,0
795,1,1,-2,1,2,2,0,3,1,0,0,2,2,0,0,3,0,1,-1,2,0,1,1,1,0
796,1,1,2,1,0,2,0,1,1,0,3,2,3,0,2,0,0,2,1,0,1,1,0,1,3
797,1,0,-1,1,2,2,0,1,1,0,3,1,3,3,3,0,0,1,-1,0,0,0,1,1,1
798,1,1,1,0,0,1,0,3,1,0,3,1,3,3,0,0,0,1,2,2,1,1,1,1,0
799,0,2,-2,2,0,2,0,3,1,3,3,3,0,1,3,3,0,2,1,1,1,1,0,1,3
800,2,0,2,1,2,2,0,1,1,1,1,1,3,3,3,3,0,1,-2,2,1,0,1,1,3
801,1,0,-1,2,0,1,0,1,1,1,0,2,1,0,0,0,0,1,-1,2,1,1,1,22,3
802,1,1,2,2,0,2,0,2,1,0,0,2,3,3,2,0,0,2,1,0,1,0,1,1,3
803,2,2,-2,2,0,2,0,2,0,0,0,2,2,0,2,3,0,1,1,1,1,1,0,1,3
804,1,1,2,2,0,0,0,1,1,0,3,1,1,0,0,0,0,1,1,1,1,1,1,1,3
805,1,1,1,2,2,1,0,3,1,3,3,1,3,3,3,0,0,2,1,2,1,1,0,1,3
806,1,1,2,2,0,0,0,1,1,1,1,3,0,1,1,0,0,1,2,1,1,1,1,1,0
807,1,1,2,1,2,2,0,3,1,0,0,2,3,0,2,3,0,1,-1,2,1,1,0,1,3
808,0,1,-1,1,2,0,0,1,1,3,3,0,1,1,0,1,0,1,1,1,1,1,0,1,3
809,2,0,2,2,0,0,0,2,0,0,0,2,2,3,0,0,1,1,2,2,0,0,1,1,3
810,0,2,-2,2,0,0,0,3,1,0,0,2,2,2,2,0,0,2,1,2,0,1,1,37,0
811,1,1,0,0,0,1,0,1,0,0,0,2,2,1,2,0,2,0,2,0,1,1,1,1,0
812,2,2,1,0,0,2,0,3,1,0,0,1,3,3,3,0,0,2,1,0,2,1,1,1,1
813,1,2,0,2,0,2,0,3,1,0,0,2,3,3,0,0,2,2,2,2,2,1,1,1,1
814,1,0,0,2,0,1,0,3,1,3,0,2,3,3,0,3,0,1,-2,1,0,0,1,1,3
815,2,2,0,2,0,1,0,1,1,0,3,2,3,1,1,0,2,2,1,0,0,0,1,1,1
816,2,0,-2,2,2,2,0,3,1,0,1,1,1,0,2,1,0,1,4,2,0,0,1,1,1
817,1,0,0,0,0,1,0,1,1,3,3,1,0,3,3,3,0,0,0,0,0,0,0,1,3
818,2,0,0,0,0,1,0,2,0,3,0,1,2,3,3,0,2,0,1,2,0,0,1,1,1
819,2,0,2,2,2,2,0,2,0,0,0,2,1,0,0,0,0,1,4,0,0,0,1,1,1
820,2,0,0,0,0,1,0,2,0,3,3,2,3,3,3,0,2,2,2,2,0,0,1,1,3
821,1,2,1,0,0,2,0,3,1,0,3,3,2,3,3,0,2,0,1,2,1,1,1,1,3
822,2,2,-2,1,0,2,0,2,0,2,3,2,2,0,2,0,0,1,4,0,2,0,0,1,0
823,1,0,0,2,0,1,0,3,1,0,3,2,3,3,3,0,0,2,-1,2,1,0,1,1,1
824,1,2,-1,2,0,2,0,3,1,0,0,2,1,0,0,3,0,1,-1,0,1,1,1,1,1
825,2,0,2,1,2,2,0,2,1,2,3,2,1,0,2,0,0,1,-1,0,2,0,0,1,3
826,1,0,1,0,0,1,0,3,1,0,0,2,1,0,0,1,0,2,-2,1,0,0,1,1,1
827,2,2,0,0,0,1,0,2,1,3,3,1,0,1,3,0,2,2,2,0,2,1,1,1,3
828,0,0,2,1,2,2,0,0,0,0,0,2,3,2,0,1,0,1,-1,1,1,0,1,1,3
829,2,0,0,0,0,1,0,2,0,0,0,2,0,0,3,0,1,0,4,0,0,0,1,1,1
830,1,1,-1,2,0,0,0,2,0,0,0,2,3,0,2,3,0,1,0,1,1,1,0,1,3
831,0,2,0,2,2,0,0,0,0,0,0,0,1,2,0,0,0,1,0,0,1,1,1,7,0
832,0,2,0,0,0,1,0,3,1,3,3,1,3,3,3,3,1,1,2,1,1,1,1,27,3
833,1,1,-1,1,2,0,0,3,1,0,0,1,3,0,0,0,0,1,1,2,2,0,0,1,0
834,1,1,1,0,0,1,0,3,1,3,3,3,3,0,0,3,2,0,2,0,1,1,0,1,3
835,0,2,-1,1,1,0,1,2,0,0,0,2,1,0,0,3,0,1,-1,1,1,1,0,1,3
836,2,0,-1,2,0,0,0,3,0,0,3,2,1,0,0,0,0,1,2,2,1,1,1,18,3
837,1,1,-1,1,0,0,0,1,1,0,3,2,1,0,0,3,0,1,1,1,1,1,1,1,0
838,2,0,2,2,0,0,0,3,1,0,3,1,3,3,0,0,0,1,1,2,0,1,1,1,0
839,2,0,0,0,0,1,0,0,0,0,0,2,3,3,0,0,2,2,1,1,0,0,1,0,3
840,1,1,-1,2,2,0,0,1,1,0,0,2,2,0,0,0,0,2,1,2,1,1,1,1,3
841,2,0,1,0,0,1,0,2,0,0,0,2,0,3,0,3,2,0,1,0,1,0,1,22,0
842,1,1,-1,1,1,1,0,0,1,0,0,2,1,0,3,0,2,2,1,1,2,1,0,1,1
843,0,0,-2,1,2,2,0,1,1,0,0,2,1,0,2,3,0,1,-1,1,1,1,0,1,0
844,1,0,2,0,0,0,0,3,1,3,0,2,3,3,3,0,2,0,1,0,0,1,1,1,1
845,1,1,-2,1,0,0,0,1,1,3,3,2,2,0,2,3,0,1,2,2,1,1,1,1,3
846,0,0,0,0,0,2,0,0,0,0,0,2,3,1,2,0,2,2,1,0,0,0,1,9,1
847,0,0,-2,1,2,2,0,2,0,0,0,2,2,1,2,0,0,1,1,0,1,0,1,2,0
848,2,2,-1,1,0,0,0,2,0,3,3,1,3,0,3,0,2,1,1,2,0,0,1,1,0
849,0,2,-1,0,2,2,0,1,1,0,0,0,1,0,0,3,0,1,1,2,1,0,0,1,3
850,1,1,2,2,0,2,0,0,0,0,3,2,3,0,0,3,0,1,1,1,0,1,0,1,3
851,1,0,-2,2,2,2,0,3,1,0,3,3,3,3,0,3,0,2,-1,2,1,1,0,1,3
852,2,0,-2,1,1,0,1,0,0,0,0,2,3,0,0,3,0,1,1,1,1,0,0,1,0
853,2,1,-2,1,2,1,0,2,0,0,0,2,1,2,2,0,0,1,1,0,1,1,1,18,3
854,2,2,2,2,0,0,0,2,0,0,0,2,2,0,2,0,0,0,1,0,2,0,1,1,0
855,2,0,-2,2,0,2,0,2,0,0,0,2,2,0,2,0,2,2,-1,0,1,0,1,1,0
856,2,2,1,2,2,0,0,2,0,0,0,2,3,3,3,3,0,1,-1,2,0,0,1,1,0
857,0,0,0,0,0,1,0,3,1,0,3,2,2,3,2,0,2,0,2,0,1,0,1,0,1
858,1,0,-1,2,0,2,0,3,0,0,0,2,3,3,3,0,2,2,1,0,1,1,0,1,0
859,2,0,-2,2,0,1,0,0,0,0,0,2,0,3,2,0,2,2,1,0,1,0,1,22,3
860,1,1,1,0,0,1,0,1,1,0,3,2,3,3,3,0,0,2,2,0,1,1,1,1,3
861,1,0,1,0,0,1,0,3,1,0,0,1,3,3,3,0,2,0,1,0,0,0,1,1,1
862,2,2,-2,2,0,2,0,0,0,0,0,2,2,2,0,3,0,1,-1,2,2,0,1,1,0
863,2,2,-2,2,0,2,0,3,1,0,3,2,3,3,3,0,0,1,2,2,1,0,0,1,0
864,1,1,-2,2,0,2,0,3,1,3,3,3,3,3,0,3,0,1,2,1,1,1,0,1,3
865,2,0,2,0,0,0,0,0,0,0,0,2,3,3,3,3,0,1,-1,1,0,0,0,0,0
866,2,0,2,2,0,2,0,0,0,0,0,0,1,0,0,3,0,1,2,1,1,0,1,1,1
867,1,2,1,2,2,2,1,0,1,0,0,0,3,3,3,3,0,1,2,1,0,1,0,0,1
868,2,0,-2,0,0,2,0,3,0,0,3,2,0,3,3,0,0,2,1,2,0,0,1,1,0
869,2,0,1,2,2,1,0,2,0,0,0,2,2,0,2,0,0,1,0,0,0,0,1,1,3
870,1,1,2,2,2,0,0,3,1,0,3,3,1,0,0,0,0,1,1,1,2,1,1,1,3
871,1,1,2,0,0,2,0,1,1,0,0,2,3,0,0,0,0,0,2,0,2,1,1,1,1
872,0,1,2,2,0,1,0,0,0,0,0,2,2,3,3,0,0,1,-1,0,1,1,1,3,3
873,2,2,2,0,2,1,0,2,0,0,0,2,3,1,3,0,1,0,2,0,0,1,1,0,3
874,1,1,2,0,0,2,0,2,0,2,0,2,2,2,2,0,0,0,2,2,2,1,0,1,0
875,1,1,-2,0,0,2,0,3,1,3,3,2,2,3,3,0,0,0,1,0,1,0,1,1,1
876,1,1,0,2,0,1,0,3,1,3,0,2,3,0,2,3,0,1,2,2,1,1,1,1,3
877,1,0,1,0,0,1,0,3,1,0,0,2,1,3,2,3,2,2,1,1,1,1,0,1,1
878,0,0,-1,1,1,0,0,3,0,0,0,2,1,0,0,3,0,1,-2,1,2,0,1,1,0
879,0,0,1,2,2,2,0,0,0,0,0,2,3,0,2,0,0,2,-1,0,0,0,1,18,1
880,1,1,0,0,0,1,0,2,0,0,0,2,3,3,3,0,1,0,2,0,1,1,1,1,3
881,1,1,1,2,0,1,0,3,0,0,0,2,1,0,0,3,2,2,1,0,1,0,1,1,1
882,1,1,1,2,2,2,0,3,0,0,0,3,3,3,0,3,0,1,2,1,1,1,2,1,1
883,1,1,-2,2,2,1,0,3,1,3,3,3,3,3,0,3,2,2,-1,2,1,1,1,1,1
884,1,1,2,1,0,0,0,1,1,0,3,3,1,0,0,3,0,2,1,1,1,1,2,1,1
885,1,1,2,0,0,2,0,3,1,3,3,3,3,0,2,0,0,2,-1,0,1,1,0,1,3
886,0,1,-1,2,0,2,0,0,0,0,0,2,3,0,0,1,0,2,-2,1,1,0,1,0,3
887,1,0,0,0,0,1,0,3,1,0,0,2,2,1,2,0,2,2,1,2,2,0,1,1,3
888,0,0,-2,2,2,0,0,0,0,0,0,2,3,3,2,0,0,2,4,2,2,0,1,0,0
889,0,0,1,2,2,0,0,1,1,2,1,2,3,0,0,0,0,1,4,2,0,0,1,34,0
890,2,0,0,2,0,2,0,3,0,0,0,2,3,3,2,3,0,1,2,1,0,0,1,3,3
891,2,2,2,0,0,1,0,2,0,0,0,2,2,2,0,0,2,2,1,0,0,0,1,1,1
892,2,0,1,1,1,0,0,0,0,0,0,2,2,3,2,0,0,1,1,1,1,1,1,0,0
893,1,1,2,2,2,1,0,0,0,0,0,2,3,0,0,3,2,1,-1,2,1,0,1,2,0
894,1,1,0,0,0,2,0,3,1,0,0,2,2,0,2,0,2,0,1,0,0,1,1,1,3
895,2,0,1,2,2,1,0,2,0,0,0,2,3,3,3,3,2,2,2,0,1,1,0,4,3
896,1,0,0,0,0,1,0,2,0,0,0,1,3,0,2,0,2,2,1,0,0,0,1,8,3
897,0,0,2,1,0,2,1,0,0,0,0,0,1,0,0,3,0,1,4,1,0,0,1,0,3
898,1,1,0,2,0,2,0,3,0,0,3,2,3,3,0,3,0,1,1,0,1,1,1,4,3
899,0,2,2,0,0,2,0,0,1,0,0,0,0,3,2,0,2,2,-1,0,2,1,1,3,0
900,0,2,-1,2,0,2,0,0,0,0,0,2,3,3,3,3,0,1,1,1,2,1,1,0,0
901,0,0,0,0,0,1,0,2,0,0,0,2,3,3,0,0,1,2,4,2,1,0,1,1,3
902,2,2,-1,1,0,0,0,3,1,0,0,2,3,3,2,0,0,2,1,2,1,0,0,1,3
903,1,1,2,0,0,2,0,2,0,0,0,1,2,3,2,0,0,2,1,0,1,1,1,1,3
904,0,1,0,2,2,2,1,0,0,0,0,2,2,0,0,3,0,2,0,0,0,0,1,38,0
905,1,1,-2,2,0,0,0,2,0,2,3,2,3,3,0,0,2,2,1,0,1,0,1,1,3
906,1,1,0,0,0,1,0,1,1,3,1,1,3,0,3,3,0,0,1,0,1,1,0,1,3
907,2,0,1,0,0,1,0,2,0,3,0,2,3,3,3,0,0,1,2,0,1,1,1,1,3
908,1,2,-2,1,0,0,1,0,1,0,0,0,1,3,0,1,0,2,2,1,1,1,2,1,3
909,2,2,2,0,0,2,0,3,1,3,3,2,0,3,3,0,0,2,1,0,0,1,1,1,3
910,1,1,1,2,0,1,0,0,0,0,0,2,1,0,3,0,0,1,1,0,1,0,1,0,3
911,0,2,1,2,2,2,0,0,0,0,0,2,3,3,2,0,2,2,0,0,1,0,1,8,3
912,0,2,0,0,0,1,0,0,0,0,0,2,3,3,3,3,2,1,1,1,1,1,1,0,1
913,0,2,-2,2,0,0,0,0,0,0,0,2,3,0,0,0,0,1,2,1,1,1,1,0,3
914,2,2,2,2,0,0,0,3,0,0,0,2,1,3,0,0,0,1,-1,2,1,1,1,1,0
915,1,0,2,0,0,2,0,1,1,0,3,2,3,3,2,0,0,1,-1,2,0,0,1,2,1
916,1,0,-1,1,0,2,0,3,1,3,3,3,3,0,3,0,0,1,-1,1,1,0,1,1,3
917,0,2,2,2,2,2,0,2,0,2,0,2,2,1,2,0,1,2,2,1,2,0,1,1,0
918,1,1,-2,1,1,0,0,1,1,3,0,1,1,0,0,3,0,1,1,1,1,1,0,1,3
919,0,0,2,0,0,1,0,0,0,0,0,2,2,3,3,0,2,1,1,0,0,0,1,3,0
920,0,0,2,2,2,0,0,1,1,0,0,2,0,3,1,0,1,2,1,0,0,0,1,1,3
921,1,1,-1,2,0,0,0,1,1,0,1,2,3,3,3,0,0,2,2,0,1,1,0,1,1
922,1,0,0,0,0,1,0,3,1,0,3,1,3,3,0,3,0,1,-1,2,1,1,1,1,3
923,2,0,-2,2,2,2,0,3,1,0,3,2,3,2,2,3,0,2,-2,2,1,1,0,1,3
924,1,1,1,2,0,2,0,1,1,0,0,2,3,3,2,0,0,2,1,2,2,0,1,11,3
925,0,0,1,0,0,2,0,2,0,2,0,2,2,2,2,0,0,2,0,0,0,0,1,3,3
926,1,1,0,0,0,1,0,3,1,3,3,1,3,3,3,3,0,1,-1,2,1,1,1,1,3
927,1,0,1,0,0,2,0,2,0,0,0,2,3,3,2,0,2,2,2,0,1,0,1,4,0
928,1,2,2,2,0,2,0,3,1,0,0,2,1,0,0,3,0,1,1,0,1,1,1,1,3
929,0,2,-1,1,2,0,0,0,0,0,0,0,1,0,0,1,0,1,-1,1,1,1,0,1,3
930,2,0,-1,1,1,2,0,3,1,3,3,3,1,3,3,3,0,1,1,1,1,0,0,1,3
931,0,0,-2,1,0,2,0,0,0,0,0,2,1,0,2,0,0,1,2,0,1,1,1,1,3
932,2,2,2,2,0,0,0,3,1,3,3,2,3,3,3,0,2,1,-1,1,2,1,1,1,3
933,1,1,1,0,0,0,0,3,0,0,0,2,3,3,3,0,2,2,2,2,1,1,1,1,3
934,1,0,2,1,1,0,1,0,0,0,0,0,1,0,0,3,0,1,-1,1,1,1,1,1,0
935,1,2,2,1,1,2,0,2,0,2,3,2,3,0,2,0,0,1,4,2,0,0,1,1,3
936,2,2,1,2,0,1,0,3,1,2,3,3,3,0,2,3,2,2,0,2,2,0,0,1,1
937,1,1,2,0,0,2,0,3,1,3,3,1,3,0,0,0,0,2,1,0,1,1,1,1,0
938,2,2,2,2,0,2,0,2,0,0,3,2,2,3,3,0,2,1,4,0,0,1,0,1,3
939,0,0,2,2,2,2,0,2,1,0,0,2,0,3,0,0,2,1,-1,1,0,0,1,1,3
940,2,0,2,2,0,2,0,2,0,2,0,2,3,2,3,0,0,1,2,0,2,1,1,1,3
941,1,1,-1,1,2,0,0,3,1,3,3,2,2,3,3,0,0,2,1,1,1,1,0,1,3
942,1,2,1,0,0,0,0,0,0,0,0,2,0,3,3,0,0,2,0,0,1,1,1,3,0
943,1,1,1,2,2,1,0,0,0,0,0,2,3,0,0,3,0,0,1,1,0,1,1,1,3
944,0,2,1,1,2,2,0,0,0,0,0,2,2,0,2,0,0,1,-2,2,0,0,1,18,0
945,2,0,-2,0,0,2,0,2,0,0,0,2,3,0,2,0,0,2,2,0,1,1,0,1,3
946,1,1,-1,1,0,2,0,3,0,3,3,2,1,0,0,3,0,1,1,1,1,0,1,1,1
947,0,1,0,0,0,0,0,0,0,0,0,2,3,3,3,0,2,2,1,1,1,1,1,0,3
948,0,1,1,0,0,2,0,2,0,0,0,2,2,2,2,0,2,2,4,0,2,0,0,0,3
949,2,0,0,0,0,2,0,3,1,3,3,0,3,3,3,3,2,2,0,0,0,0,1,0,0
950,0,0,-2,2,2,2,0,3,1,0,0,3,3,3,3,3,2,2,1,2,2,1,1,0,0
951,0,0,-2,1,2,0,0,0,0,0,0,0,1,3,0,0,0,1,-2,2,0,0,1,39,0
952,1,1,2,0,0,1,1,3,1,3,3,1,3,3,3,3,0,1,1,1,0,1,0,1,0
953,0,0,-1,1,0,0,0,3,1,3,3,3,3,3,3,0,2,2,2,1,2,0,1,39,3
954,0,0,-2,2,0,2,0,3,1,3,3,1,3,0,0,3,0,2,-1,1,1,1,1,0,0
955,0,0,2,1,0,2,0,0,0,0,0,2,2,0,0,0,0,1,1,0,1,1,0,39,3
956,2,1,0,0,0,2,0,2,0,0,3,1,0,1,1,0,2,0,-1,0,0,0,0,1,3
957,0,0,0,0,0,1,0,0,0,0,0,0,2,1,2,0,2,2,1,0,0,0,1,0,0
958,2,2,2,2,0,0,0,2,0,0,0,2,3,0,3,0,0,1,0,0,1,1,1,1,0
959,0,1,1,2,2,0,0,3,1,0,3,3,3,3,0,0,2,1,1,2,1,0,1,1,3
960,2,0,-2,2,0,2,0,3,1,3,3,2,3,3,3,3,2,2,1,2,0,1,0,1,1
961,1,1,0,2,0,2,0,0,1,0,0,2,3,3,0,0,1,0,-1,0,0,1,1,1,3
962,0,1,-2,1,1,0,0,0,0,3,0,0,1,3,0,3,0,1,-1,1,2,1,0,0,3
963,0,0,-2,2,2,2,0,0,0,0,0,0,2,1,0,3,0,1,1,0,2,1,1,26,3
964,0,0,2,0,0,2,0,0,0,0,0,2,2,3,2,0,0,2,-1,0,0,1,1,0,0
965,1,1,0,0,0,1,0,2,0,0,0,2,2,1,3,0,1,0,2,0,0,0,1,1,1
966,1,1,1,0,0,2,0,3,1,3,3,3,3,0,0,3,2,0,1,2,2,1,1,1,3
967,0,1,-2,2,0,0,0,0,0,0,0,2,3,0,2,0,0,2,-1,1,1,1,1,3,3
968,1,1,2,2,0,2,0,3,1,0,0,0,3,3,0,0,2,2,1,0,2,0,1,1,1
969,2,2,-2,2,2,0,0,0,1,0,0,2,2,2,2,0,0,2,1,1,0,1,1,1,0
970,1,1,1,2,0,1,0,1,1,3,3,3,3,3,3,3,0,1,1,1,1,1,1,1,3
971,1,2,-2,2,0,2,0,0,1,0,0,2,1,0,0,0,0,2,-1,0,0,0,1,1,3
972,1,2,-2,2,0,2,0,2,0,0,0,2,2,0,2,0,0,2,4,2,2,0,1,1,3
973,1,1,-2,2,0,2,0,1,1,3,3,2,2,0,2,0,0,1,0,0,1,1,0,1,1
974,1,0,2,1,2,2,0,3,0,0,0,0,1,0,3,3,0,2,2,2,1,0,1,1,3
975,1,2,-1,2,0,2,1,2,0,2,3,2,2,0,2,0,0,1,1,2,1,1,1,1,0
976,0,0,2,2,0,2,0,2,0,0,3,1,2,0,3,0,0,1,4,2,1,0,1,6,3
977,1,0,2,1,0,2,0,0,0,0,0,0,1,0,0,1,0,1,-2,1,1,1,0,18,0
978,1,1,2,0,0,2,0,1,1,0,0,3,3,3,3,0,0,2,1,2,1,1,0,1,0
979,1,1,-1,2,0,0,0,3,1,0,0,2,3,3,0,3,0,1,-1,1,1,1,0,1,0
980,1,0,1,2,0,0,0,0,1,0,0,2,3,3,0,0,0,2,2,1,0,0,1,1,0
981,0,0,1,0,0,1,0,0,0,0,0,2,2,3,2,0,1,2,1,0,0,0,1,40,3
982,1,2,-2,2,2,2,0,3,0,0,0,2,2,3,3,0,2,0,2,0,0,1,1,1,3
983,2,1,2,2,2,2,0,2,0,0,0,2,1,0,0,0,0,1,-1,0,2,1,0,1,1
984,1,2,1,2,0,2,0,1,1,0,0,2,3,3,0,0,2,2,1,2,1,1,0,1,3
985,1,0,-2,2,0,2,0,3,1,3,3,3,3,3,3,3,2,1,1,1,2,0,1,1,0
986,2,2,1,2,0,2,0,0,0,0,0,2,1,3,0,3,0,2,1,1,0,0,1,2,1
987,2,2,2,1,0,0,0,2,0,3,0,2,3,3,0,3,0,1,1,1,1,1,1,0,0
988,1,0,-1,1,2,0,0,1,1,3,3,2,3,0,0,3,0,1,0,1,0,0,1,1,3
989,0,1,2,1,1,2,0,1,1,0,0,0,1,0,2,0,0,1,-1,1,1,1,0,1,3
990,0,1,2,2,0,1,0,0,1,3,3,2,3,0,2,0,2,1,1,0,1,1,2,1,0
991,1,1,2,1,2,0,1,1,1,3,3,3,3,3,0,1,0,1,0,1,1,1,1,0,0
992,1,1,-1,1,2,0,0,1,1,0,0,2,3,0,0,0,1,1,-1,1,1,1,1,1,1
993,1,1,0,0,0,2,0,3,1,0,0,2,3,0,0,0,0,0,1,0,1,1,1,1,0
994,1,1,1,0,0,2,0,0,0,0,0,2,2,2,2,0,0,2,0,2,1,1,1,1,3
995,1,1,0,0,0,1,0,2,0,0,0,2,1,3,3,3,0,1,-1,0,1,1,0,1,1
996,1,0,2,2,2,0,0,0,0,0,0,2,3,3,0,0,0,1,0,0,1,1,1,1,0
997,0,1,2,2,0,1,0,3,1,0,0,2,1,3,0,0,0,1,1,2,1,1,1,1,3
998,0,2,-2,1,2,0,0,0,0,0,0,2,0,1,0,0,0,1,0,0,1,1,1,12,3
999,0,0,-2,1,0,0,0,0,0,0,0,0,1,0,0,3,0,1,-1,1,1,1,0,18,3
1000,2,2,2,2,0,0,0,2,0,3,3,1,2,3,2,0,0,2,1,2,1,1,1,1,3
1001,1,1,2,0,0,1,0,3,1,3,3,1,0,3,3,0,2,2,-1,1,2,1,1,0,1
1002,2,0,-1,1,1,0,1,2,0,0,0,2,1,0,0,3,0,1,1,1,0,1,1,41,0
1003,1,1,1,0,0,2,0,0,0,0,0,2,0,1,3,0,0,0,2,0,1,1,0,1,3
1004,1,1,-1,0,0,0,0,1,1,0,3,1,3,3,3,0,0,1,1,2,1,1,0,1,0
1005,1,2,2,1,0,1,0,2,0,2,1,2,2,0,1,0,2,1,1,0,0,1,1,0,0
1006,1,1,1,2,2,0,1,3,1,0,3,3,3,0,3,3,0,2,0,0,1,1,1,1,3
1007,0,0,0,2,0,2,0,0,0,0,0,2,3,3,0,0,0,2,-1,0,2,0,1,40,0
1008,2,2,2,2,2,2,0,1,1,0,0,2,1,3,0,3,0,1,2,1,0,0,1,1,1
1009,0,2,-2,2,0,2,0,2,0,3,3,2,3,3,3,0,2,1,1,2,2,1,0,2,3
1010,1,2,1,0,0,1,0,3,0,3,3,1,3,0,3,0,0,1,-1,0,2,0,1,2,3
1011,2,2,1,2,0,2,0,2,0,2,3,2,3,3,3,0,2,1,1,1,2,1,0,2,3
1012,1,0,1,0,0,1,0,3,1,0,0,2,3,0,0,1,0,2,2,1,1,1,0,1,1
1013,1,1,-2,2,2,2,1,3,1,0,3,3,1,3,0,3,0,1,1,1,1,1,1,1,3
1014,2,2,-2,2,0,0,0,0,0,0,0,2,1,0,0,0,0,0,1,1,1,1,0,1,3
